Workbook

Sheet continuous
B1: SMD (95%-CI)
A2: IKDC subjective | B2: BPTB | E2: -0.3758 | F2: -0.5907 | G2: -0.1609 | H2: -0.5142 | I2: -0.809 | J2: -0.2194 | K2: -0.5941 | L2: -1.0907 | M2: -0.0976 | Q2: -0.7376 | R2: -1.3273 | S2: -0.1479
B3: 0.3758 | C3: 0.1609 | D3: 0.5907 | E3: HT | H3: -0.1384 | I3: -0.4184 | J3: 0.1417 | K3: -0.2184 | L3: -0.2293 | M3: 0.666 | Q3: -0.3618 | R3: -0.9109 | S3: 0.1874
B4: 0.5142 | C4: 0.2194 | D4: 0.809 | E4: 0.1384 | F4: -0.1417 | G4: 0.4184 | H4: QT | K4: -0.08 | L4: -0.608 | M4: 0.4481 | Q4: -0.2234 | R4: -0.8398 | S4: 0.393
B5: -0.5941 | C5: -1.0907 | D5: -0.0976 | E5: -0.1384 | F5: -0.4184 | G5: 0.1417 | H5: 0.08 | I5: -0.4481 | J5: 0.608 | K5: PLT | Q5: -0.1434 | R5: -0.8519 | S5: 0.5651
N6: AT
B7: 0.7376 | C7: 0.1479 | D7: 1.3273 | E7: 0.3618 | F7: 0.1874 | G7: 0.9109 | H7: 0.2234 | I7: -0.393 | J7: 0.8398 | K7: 0.1434 | L7: -0.5651 | M7: 0.8519 | Q7: TA
A9: Lysholm | B9: BPTB | E9: -0.2686 | F9: -0.4209 | G9: -0.1163 | H9: -0.4942 | I9: -0.7865 | J9: -0.2018 | K9: -0.6533 | L9: -1.2098 | M9: -0.2018 | N9: -0.5446 | O9: -1.2827 | P9: 0.1936 | Q9: -0.6433 | R9: -1.1449 | S9: -0.1418
B10: 0.2686 | C10: 0.1163 | D10: 0.4209 | E10: HT | H10: -0.2256 | I10: -0.5111 | J10: 0.06 | K10: -0.3847 | L10: -0.9199 | M10: 0.1505 | N10: -0.276 | O10: -0.9983 | P10: 0.4463 | Q10: -0.3747 | R10: -0.8526 | S10: 0.1031
B11: 0.4942 | C11: 0.2018 | D11: 0.7865 | E11: 0.2256 | F11: -0.06 | G11: 0.5111 | H11: QT | K11: -0.1592 | L11: -0.7658 | M11: 0.4475 | N11: -0.0504 | O11: -0.8271 | P11: 0.7262 | Q11: -0.1492 | R11: -0.7058 | S11: 0.4075
B12: 0.6533 | C12: 0.0969 | D12: 1.2098 | E12: 0.3847 | F12: -0.1505 | G12: 0.9199 | H12: 0.1592 | I12: -0.4475 | J12: 0.7658 | K12: PLT | N12: 0.1087 | O12: -0.7902 | P12: 1.0077 | Q12: -0.3747 | R12: -0.8526 | S12: 0.1031
B13: 0.5446 | C13: -0.1936 | D13: 1.2827 | E13: 0.276 | F13: -0.4463 | G13: 0.9983 | H13: 0.0504 | I13: -0.7262 | J13: 0.8271 | K13: -0.1087 | L13: -1.0077 | M13: 0.7902 | N13: AT | Q13: -0.0987 | R13: -0.9648 | S13: -0.7673
B14: 0.6433 | C14: 0.1418 | D14: 1.1449 | E14: 0.3747 | F14: -0.1031 | G14: 0.8526 | H14: 0.1492 | I14: -0.4075 | J14: 0.7058 | K14: -0.01 | L14: -0.7275 | M14: 0.7075 | N14: 0.0987 | O14: -0.7673 | P14: 0.9648 | Q14: TA
A16: Tegner | B16: BPTB | E16: -0.2698 | F16: -0.1898 | G16: -0.3499 | H16: -0.3743 | I16: -0.1542 | J16: -0.5943 | K16: -0.5076 | L16: -0.1988 | M16: -0.8165 | Q16: -1.2598 | R16: -0.7343 | S16: -1.7853
B17: 0.2698 | C17: 0.3499 | D17: 0.1898 | E17: HT | H17: -0.1044 | I17: 0.1119 | J17: -0.3207 | K17: -0.2378 | L17: 0.0605 | M17: -0.5361 | Q17: -0.99 | R17: -0.4706 | S17: -1.5094
B18: 0.3743 | C18: 0.5943 | D18: 0.1542 | E18: 0.1044 | F18: 0.3207 | G18: -0.1119 | H18: QT | K18: -0.1334 | L18: 0.2351 | M18: -0.5018 | Q18: -0.8856 | R18: -0.3229 | S18: -1.4482
B19: 0.5076 | C19: 0.8165 | D19: 0.1988 | E19: 0.2378 | F19: 0.5361 | G19: -0.0605 | H19: 0.1334 | I19: 0.5018 | J19: -0.2351 | K19: PLT | Q19: -0.7522 | R19: -0.1533 | S19: -1.3512
N20: AT
B21: 1.2598 | C21: 1.7853 | D21: 0.7343 | E21: 0.99 | F21: 1.5094 | G21: 0.4706 | H21: 0.8856 | I21: 1.4482 | J21: 0.3229 | K21: 0.7522 | L21: 1.3512 | M21: 0.1533 | Q21: TA
A23: Instrumented laxity | B23: BPTB | E23: =B24*-1 -> -0.3551 | F23: =D24*-1 -> -0.5741 | G23: =C24*-1 -> -0.136
B24: 0.3551 | C24: 0.136 | D24: 0.5741 | E24: HT
B25: 0.5280 | C25: 0.2218 | D25: 0.8341 | E25: 0.173 | F25: -0.106 | G25: 0.452 | H25: QT
B26: 0.5738 | C26: 0.07 | D26: 1.078 | E26: 0.219 | F26: -0.235 | G26: 0.672 | K26: PLT
N27: AT
B28: 0.7172 | C28: 0.119 | D28: 1.315 | E28: 0.362 | F28: -0.194 | G28: 0.919 | Q28: TA

Sheet temp
B1: BPTB | C1: HT | D1: QT
AC2: {=M7:M11} -> 0 | AD2: {=M12:M16} -> 1.2196
A3: BPTB | B3: . | C3: 1.1033 | D3: 1.2908 | I3: BPTB | L3: =C3 -> 1.1033 | M3: =C12 -> 0.998 | N3: =C21 -> 1.2196 | O3: =D3 -> 1.2908 | P3: =D12 -> 0.7964 | Q3: =D21 -> 2.0921 | R3: =E3 -> 0 | S3: =E12 -> 0 | T3: =E21 -> 0 | U3: =F3 -> 0 | V3: =F12 -> 0 | W3: =F21 -> 0 | X3: =G3 -> 0 | Y3: =G12 -> 0 | Z3: =G21 -> 0 | AC3: 0 | AD3: .
A4: HT | B4: 0.9064 | C4: . | D4: 1.17 | I4: =B4 -> 0.9064 | J4: =B13 -> 0.8199 | K4: =B22 -> 1.002 | L4: HT | M4: =G13 -> 0 | N4: =G22 -> 0 | O4: =D4 -> 1.17 | P4: =D13 -> 0.7295 | Q4: =D22 -> 1.8764 | R4: =E4 -> 0 | S4: =E13 -> 0 | T4: =E22 -> 0 | U4: =F4 -> 0 | V4: =F13 -> 0 | W4: =F22 -> 0 | X4: =G4 -> 0 | Y4: =G13 -> 0 | Z4: =G22 -> 0 | AC4: 0 | AD4: 1.3707
A5: QT | B5: 0.7747 | C5: 0.8547 | D5: . | I5: =B5 -> 0.7747 | J5: =B14 -> 0.478 | K5: =B23 -> 1.2556 | L5: =C5 -> 0.8547 | M5: =C14 -> 0.5329 | N5: =C23 -> 1.3707 | O5: QT | R5: =E5 -> 0 | S5: =E14 -> 0 | T5: =E23 -> 0 | U5: =F5 -> 0 | V5: =F14 -> 0 | W5: =F23 -> 0 | X5: =G5 -> 0 | Y5: =G14 -> 0 | Z5: =G23 -> 0 | AC5: limit: | AD5: 0
R6: PLT | U6: =F6 -> 0 | V6: =F15 -> 0 | W6: =F24 -> 0 | X6: =G6 -> 0 | Y6: =G15 -> 0 | Z6: =G24 -> 0 | AC6: 0 | AD6: 0
R7: =E7 -> 0 | S7: =E16 -> 0 | T7: =E25 -> 0 | U7: AT | X7: =G7 -> 0 | Y7: =G16 -> 0 | Z7: =G25 -> 0
R8: =E8 -> 0 | S8: =E17 -> 0 | T8: =E26 -> 0 | U8: =F8 -> 0 | V8: =F17 -> 0 | W8: =F26 -> 0 | X8: TA | AE8: -1.2598 | AF8: -0.7343 | AG8: -1.7853
AE9: -0.99 | AF9: -0.4706 | AG9: -1.5094
A10: Lower | B10: 95%-confidence | C10: limit: | I10: BPTB | L10: =C14 -> 0.5329 | M10: =C19 -> limit: | N10: =C28 -> 0 | O10: =D14 -> . | P10: =D19 -> 0 | Q10: =D28 -> 0 | R10: =E10 -> 0 | S10: =E19 -> 0 | T10: =E28 -> 0 | U10: =F10 -> 0 | V10: =F19 -> 0 | W10: =F28 -> 0 | X10: =G10 -> 0 | Y10: =G19 -> 0 | Z10: =G28 -> 0 | AE10: -0.8856 | AF10: -0.3229 | AG10: -1.4482
B11: BPTB | C11: HT | D11: QT | I11: {=G11:G15} -> 0 | J11: {=G20:G24} -> 0 | K11: {=G29:G33} -> 0 | L11: HT | M11: =G20 -> 0 | N11: =G29 -> 0 | O11: =#REF! -> #REF! | P11: =D20 -> QT | Q11: =D29 -> 0 | R11: =E11 -> 0 | S11: =E20 -> 0 | T11: =E29 -> 0 | U11: =F11 -> 0 | V11: =F20 -> 0 | W11: =F29 -> 0 | X11: =G11 -> 0 | Y11: =G20 -> 0 | Z11: =G29 -> 0 | AE11: -0.7522 | AF11: -0.1533 | AG11: -1.3512
A12: BPTB | B12: . | C12: 0.998 | D12: 0.7964 | I12: 0 | J12: 0 | K12: 0 | L12: {=C15:C15} -> 0 | M12: {=C21:C24} -> 1.2196 | N12: =G30 -> 0 | O12: HT | R12: =E12 -> 0 | S12: =E21 -> 0 | T12: =E30 -> 0 | U12: =F12 -> 0 | V12: =F21 -> 0 | W12: =F30 -> 0 | X12: =G12 -> 0 | Y12: =G21 -> 0 | Z12: =G30 -> 0
A13: HT | B13: 0.8199 | C13: . | D13: 0.7295 | I13: 0 | J13: 0 | K13: 0 | M13: . | N13: =G31 -> 0 | O13: =#REF! -> #REF! | P13: =D22 -> 1.8764 | Q13: =D31 -> 0 | R13: PLT | U13: =F13 -> 0 | V13: =F22 -> 0 | W13: =F31 -> 0 | X13: =G13 -> 0 | Y13: =G22 -> 0 | Z13: =G31 -> 0 | AE13: #VALUE! | AF13: #VALUE! | AG13: #VALUE!
A14: QT | B14: 0.478 | C14: 0.5329 | D14: . | I14: 0 | J14: 0 | K14: 0 | M14: 1.3707 | N14: =G32 -> 0 | O14: =#REF! -> #REF! | P14: =D23 -> . | Q14: =D32 -> 0 | R14: =E14 -> 0 | S14: =E23 -> 0 | T14: =E32 -> 0 | U14: AT | X14: =G14 -> 0 | Y14: =G23 -> 0 | Z14: =G32 -> 0 | AE14: {=M2:M5} -> 0 | AF14: {=M7:M10} -> 0 | AG14: {=M12:M14} -> 1.2196
I15: 0 | J15: 0 | K15: 0 | M15: 0 | N15: =G33 -> 0 | O15: =D15 -> 0 | P15: =D24 -> 0 | Q15: =D33 -> 0 | R15: =E15 -> 0 | S15: =E24 -> 0 | T15: =E33 -> 0 | U15: =F15 -> 0 | V15: =F24 -> 0 | W15: =F33 -> 0 | X15: TA | AE15: 0.998 | AF15: 0 | AG15: .
AE16: 0 | AF16: 0 | AG16: 1.3707
AE17: 0.5329 | AF17: limit:
A19: Upper | B19: 95%-confidence | C19: limit:
B20: BPTB | C20: HT | D20: QT | AE20: =M6 -> 0 | AF20: =M11 -> 0 | AG20: =M16 -> 0
A21: BPTB | B21: . | C21: 1.2196 | D21: 2.0921
A22: HT | B22: 1.002 | C22: . | D22: 1.8764
A23: QT | B23: 1.2556 | C23: 1.3707 | D23: .

Sheet temp2
B1: SMD (95%-CI)
B2: BPTB | E2: =temp!S14 -> 0 | F2: =temp!T14 -> 0 | G2: =temp!U14 -> AT | H2: =temp!V14 -> 0 | I2: =temp!W14 -> 0 | J2: =temp!X14 -> 0 | K2: =temp!Y14 -> 0 | L2: =temp!Z14 -> 0 | ... S2: =temp!AG14 -> 1.2196
B3: =temp!P3 -> 0.7964 | C3: =temp!Q3 -> 2.0921 | D3: =temp!R3 -> 0 | E3: HT | H3: =temp!V16 -> 0 | I3: =temp!W16 -> 0 | J3: =temp!X16 -> 0 | K3: =temp!Y16 -> 0 | L3: =temp!Z16 -> 0 | M3: =temp!AA16 -> 0 | N3: =temp!AB16 -> 0 | O3: =temp!AC16 -> 0 | ... S3: =temp!AG16 -> 1.3707
B4: =temp!P17 -> 0 | C4: =temp!Q17 -> 0 | D4: =temp!R17 -> 0 | E4: =temp!S17 -> 0 | F4: =temp!T17 -> 0 | G4: =temp!U17 -> 0 | H4: QT | K4: =temp!Y17 -> 0 | L4: =temp!Z17 -> 0 | M4: =temp!AA17 -> 0 | N4: =temp!AB17 -> 0 | O4: =temp!AC17 -> 0 | P4: =temp!AD17 -> 0 | Q4: =temp!AE17 -> 0.5329 | R4: =temp!AF17 -> limit: | S4: =temp!AG17 -> 0
B5: =temp!P18 -> 0 | C5: =temp!Q18 -> 0 | D5: =temp!R18 -> 0 | E5: =temp!S18 -> 0 | F5: =temp!T18 -> 0 | G5: =temp!U18 -> 0 | H5: =temp!V18 -> 0 | I5: =temp!W18 -> 0 | J5: =temp!X18 -> 0 | K5: PLT | N5: =temp!AB18 -> 0 | O5: =temp!AC18 -> 0 | P5: =temp!AD18 -> 0 | Q5: =temp!AE18 -> 0 | R5: =temp!AF18 -> 0 | S5: =temp!AG18 -> 0
B6: =temp!P19 -> 0 | C6: =temp!Q19 -> 0 | D6: =temp!R19 -> 0 | E6: =temp!S19 -> 0 | F6: =temp!T19 -> 0 | G6: =temp!U19 -> 0 | H6: =temp!V19 -> 0 | I6: =temp!W19 -> 0 | ... M6: =temp!AA19 -> 0 | N6: AT | Q6: =temp!AE19 -> 0 | R6: =temp!AF19 -> 0 | S6: =temp!AG19 -> 0
B7: =temp!P20 -> 0 | C7: =temp!Q20 -> 0 | D7: =temp!R20 -> 0 | E7: =temp!S20 -> 0 | F7: =temp!T20 -> 0 | G7: =temp!U20 -> 0 | H7: =temp!V20 -> 0 | I7: =temp!W20 -> 0 | ... P7: =temp!AD20 -> 0 | Q7: TA
B10: #VALUE! | C10: #VALUE! | D10: #VALUE! | E10: -0.2698 | F10: -0.1898 | G10: -0.3499 | H10: -0.5076 | I10: -0.1988 | J10: -0.8165 | K10: -0.3743 | L10: -0.1542 | M10: -0.5943 | N10: -1.2598 | O10: -0.7343 | P10: -1.7853
B11: 0.2698 | C11: 0.3499 | D11: 0.1898 | E11: #VALUE! | F11: #VALUE! | G11: #VALUE! | H11: -0.2378 | I11: 0.0605 | J11: -0.5361 | K11: -0.1044 | L11: 0.1119 | M11: -0.3207 | N11: -0.99 | O11: -0.4706 | P11: -1.5094
B12: 0.5076 | C12: 0.8165 | D12: 0.1988 | E12: 0.2378 | F12: 0.5361 | G12: -0.0605 | H12: #VALUE! | I12: #VALUE! | J12: #VALUE! | K12: 0.1334 | L12: 0.5018 | M12: -0.2351 | N12: -0.7522 | O12: -0.1533 | P12: -1.3512
B13: 0.3743 | C13: 0.5943 | D13: 0.1542 | E13: 0.1044 | F13: 0.3207 | G13: -0.1119 | H13: -0.1334 | I13: 0.2351 | J13: -0.5018 | K13: #VALUE! | L13: #VALUE! | M13: #VALUE! | N13: -0.8856 | O13: -0.3229 | P13: -1.4482
B14: 1.2598 | C14: 1.7853 | D14: 0.7343 | E14: 0.99 | F14: 1.5094 | G14: 0.4706 | H14: 0.7522 | I14: 1.3512 | J14: 0.1533 | K14: 0.8856 | L14: 1.4482 | M14: 0.3229 | N14: #VALUE! | O14: #VALUE! | P14: #VALUE!

Sheet pivot_shift_1
B1: OR (95%-CI)
A2: Pivot-shift test (grades ≥ 1+) | B2: BPTB | E2: =#REF! -> #REF! | F2: =#REF! -> #REF! | G2: =#REF! -> #REF! | H2: =#REF! -> #REF! | I2: =#REF! -> #REF! | J2: =#REF! -> #REF! | K2: =#REF! -> #REF! | L2: =#REF! -> #REF! | ... S2: =#REF! -> #REF!
B3: {=#REF!} -> #REF! | C3: {=#REF!} -> #REF! | D3: {=#REF!} -> #REF! | E3: HT | F3: =#REF! -> #REF! | G3: =#REF! -> #REF! | H3: =#REF! -> #REF! | I3: =#REF! -> #REF! | J3: =#REF! -> #REF! | K3: =#REF! -> #REF! | L3: =#REF! -> #REF! | M3: =#REF! -> #REF! | ... S3: =#REF! -> #REF!
E4: {=#REF!} -> #REF! | F4: {=#REF!} -> #REF! | G4: =#REF! -> #REF! | H4: HT | K4: =#REF! -> #REF! | L4: =#REF! -> #REF! | M4: =#REF! -> #REF! | N4: =#REF! -> #REF! | O4: =#REF! -> #REF! | P4: =#REF! -> #REF! | Q4: =#REF! -> #REF! | R4: =#REF! -> #REF! | S4: =#REF! -> #REF!
G5: =#REF! -> #REF! | H5: =#REF! -> #REF! | I5: =#REF! -> #REF! | J5: =#REF! -> #REF! | K5: PLT | N5: =#REF! -> #REF! | O5: =#REF! -> #REF! | P5: =#REF! -> #REF! | Q5: =#REF! -> #REF! | R5: =#REF! -> #REF! | S5: =#REF! -> #REF!
G6: =#REF! -> #REF! | H6: =#REF! -> #REF! | I6: =#REF! -> #REF! | J6: =#REF! -> #REF! | K6: =#REF! -> #REF! | L6: =#REF! -> #REF! | M6: =#REF! -> #REF! | N6: AT | Q6: =#REF! -> #REF! | R6: =#REF! -> #REF! | S6: =#REF! -> #REF!
G7: =#REF! -> #REF! | H7: =#REF! -> #REF! | I7: =#REF! -> #REF! | J7: =#REF! -> #REF! | K7: =#REF! -> #REF! | L7: =#REF! -> #REF! | M7: =#REF! -> #REF! | N7: =#REF! -> #REF! | ... P7: =#REF! -> #REF! | Q7: TA

Sheet pivot_shift_2
B1: OR (95%-CI)
A2: Pivot-shift test (grades ≥ 2+) | B2: BPTB | E2: 2.0058 | F2: 1.4828 | G2: 2.7132 | H2: 2.6544 | I2: 1.1095 | J2: 6.3507 | N2: 4.7494 | O2: 1.3954 | P2: 16.1651 | Q2: 3.4453 | R2: 1.4431 | S2: 8.2255
B3: 0.4986 | C3: 0.3686 | D3: 0.6744 | E3: HT | F3: . | G3: . | H3: 1.3234 | I3: 0.5546 | J3: 3.1581 | N3: 2.3679 | O3: 0.7225 | P3: 7.7601 | Q3: 1.7177 | R3: 0.7595 | S3: 3.8849
B4: 0.3767 | C4: 0.1575 | D4: 0.9013 | E4: 0.7556 | F4: 0.3166 | G4: 1.8032 | H4: QT | I4: . | J4: . | N4: 1.7892 | O4: 0.4108 | P4: 7.7939 | Q4: 1.2979 | R4: 0.3938 | S4: 4.278
B5: 0 | C5: 0 | D5: 0 | E5: 0 | F5: 0 | G5: 0 | H5: 0 | I5: 0 | J5: 0 | K5: PLT | N5: 0 | O5: 0 | P5: 0 | Q5: 0 | R5: 0 | S5: 0
B6: 0.2106 | C6: 0.0619 | D6: 0.7166 | E6: 0.4223 | F6: 0.1289 | G6: 1.384 | H6: 0.5589 | I6: 0.1283 | J6: 2.4345 | N6: AT | O6: . | P6: . | Q6: 0.7254 | R6: 0.1718 | S6: 3.0632
B7: 0.2903 | C7: 0.1216 | D7: 0.693 | E7: 0.5822 | F7: 0.2574 | G7: 1.3167 | H7: 0.7705 | I7: 0.2338 | J7: 2.5394 | N7: 1.3785 | O7: 0.3265 | P7: 5.8212 | Q7: TA | R7: . | S7: .

Sheet ikdc_subjective
B1: SMD (95%-CI)
A2: IKDC subjective | B2: BPTB | E2: -0.3758 | F2: -0.5907 | G2: -0.1609 | H2: -0.5142 | I2: -0.809 | J2: -0.2194 | K2: -0.5941 | L2: -1.0907 | M2: -0.0976 | Q2: -0.7376 | R2: -1.3273 | S2: -0.1479
B3: 0.3758 | C3: 0.1609 | D3: 0.5907 | E3: HT | H3: -0.1384 | I3: -0.4184 | J3: 0.1417 | K3: -0.2184 | L3: -0.2293 | M3: 0.666 | Q3: -0.3618 | R3: -0.9109 | S3: 0.1874
B4: 0.5142 | C4: 0.2194 | D4: 0.809 | E4: 0.1384 | F4: -0.1417 | G4: 0.4184 | H4: QT | K4: -0.08 | L4: -0.608 | M4: 0.4481 | Q4: -0.2234 | R4: -0.8398 | S4: 0.393
B5: -0.5941 | C5: -1.0907 | D5: -0.0976 | E5: -0.1384 | F5: -0.4184 | G5: 0.1417 | H5: 0.08 | I5: -0.4481 | J5: 0.608 | K5: PLT | Q5: -0.1434 | R5: -0.8519 | S5: 0.5651
N6: AT
B7: 0.7376 | C7: 0.1479 | D7: 1.3273 | E7: 0.3618 | F7: 0.1874 | G7: 0.9109 | H7: 0.2234 | I7: -0.393 | J7: 0.8398 | K7: 0.1434 | L7: -0.5651 | M7: 0.8519 | Q7: TA

Sheet lysholm
B1: SMD (95%-CI)
A2: Lysholm | B2: BPTB | E2: -0.2686 | F2: -0.4209 | G2: -0.1163 | H2: -0.4942 | I2: -0.7865 | J2: -0.2018 | K2: -0.6533 | L2: -1.2098 | M2: -0.2018 | N2: -0.5446 | O2: -1.2827 | P2: 0.1936 | Q2: -0.6433 | R2: -1.1449 | S2: -0.1418
B3: 0.2686 | C3: 0.1163 | D3: 0.4209 | E3: HT | H3: -0.2256 | I3: -0.5111 | J3: 0.06 | K3: -0.3847 | L3: -0.9199 | M3: 0.1505 | N3: -0.276 | O3: -0.9983 | P3: 0.4463 | Q3: -0.3747 | R3: -0.8526 | S3: 0.1031
B4: 0.4942 | C4: 0.2018 | D4: 0.7865 | E4: 0.2256 | F4: -0.06 | G4: 0.5111 | H4: QT | K4: -0.1592 | L4: -0.7658 | M4: 0.4475 | N4: -0.0504 | O4: -0.8271 | P4: 0.7262 | Q4: -0.1492 | R4: -0.7058 | S4: 0.4075
B5: 0.6533 | C5: 0.0969 | D5: 1.2098 | E5: 0.3847 | F5: -0.1505 | G5: 0.9199 | H5: 0.1592 | I5: -0.4475 | J5: 0.7658 | K5: PLT | N5: 0.1087 | O5: -0.7902 | P5: 1.0077 | Q5: -0.3747 | R5: -0.8526 | S5: 0.1031
B6: 0.5446 | C6: -0.1936 | D6: 1.2827 | E6: 0.276 | F6: -0.4463 | G6: 0.9983 | H6: 0.0504 | I6: -0.7262 | J6: 0.8271 | K6: -0.1087 | L6: -1.0077 | M6: 0.7902 | N6: AT | Q6: -0.0987 | R6: -0.9648 | S6: -0.7673
B7: 0.6433 | C7: 0.1418 | D7: 1.1449 | E7: 0.3747 | F7: -0.1031 | G7: 0.8526 | H7: 0.1492 | I7: -0.4075 | J7: 0.7058 | K7: -0.01 | L7: -0.7275 | M7: 0.7075 | N7: 0.0987 | O7: -0.7673 | P7: 0.9648 | Q7: TA

Sheet tegner
B1: SMD (95%-CI)
A2: Tegner | B2: BPTB | E2: -0.2698 | F2: -0.1898 | G2: -0.3499 | H2: -0.3743 | I2: -0.1542 | J2: -0.5943 | K2: -0.5076 | L2: -0.1988 | M2: -0.8165 | Q2: -1.2598 | R2: -0.7343 | S2: -1.7853
B3: 0.2698 | C3: 0.3499 | D3: 0.1898 | E3: HT | H3: -0.1044 | I3: 0.1119 | J3: -0.3207 | K3: -0.2378 | L3: 0.0605 | M3: -0.5361 | Q3: -0.99 | R3: -0.4706 | S3: -1.5094
B4: 0.3743 | C4: 0.5943 | D4: 0.1542 | E4: 0.1044 | F4: 0.3207 | G4: -0.1119 | H4: QT | K4: -0.1334 | L4: 0.2351 | M4: -0.5018 | Q4: -0.8856 | R4: -0.3229 | S4: -1.4482
B5: 0.5076 | C5: 0.8165 | D5: 0.1988 | E5: 0.2378 | F5: 0.5361 | G5: -0.0605 | H5: 0.1334 | I5: 0.5018 | J5: -0.2351 | K5: PLT | Q5: -0.7522 | R5: -0.1533 | S5: -1.3512
N6: AT
B7: 1.2598 | C7: 1.7853 | D7: 0.7343 | E7: 0.99 | F7: 1.5094 | G7: 0.4706 | H7: 0.8856 | I7: 1.4482 | J7: 0.3229 | K7: 0.7522 | L7: 1.3512 | M7: 0.1533 | Q7: TA

Sheet Sheet7
B1: OR (95%-CI)
B2: BPTB
E3: HT
H4: QT
K5: PLT
N6: AT
Q7: TA

Sheet instrumented_laxity
B1: SMD (95%-CI)
A2: Instrumented Laxity | B2: BPTB | E2: =temp!S14 -> 0 | F2: =temp!T14 -> 0 | G2: =temp!U14 -> AT | H2: =temp!V14 -> 0 | I2: =temp!W14 -> 0 | J2: =temp!X14 -> 0 | K2: =temp!Y14 -> 0 | L2: =temp!Z14 -> 0 | M2: =temp!AA14 -> 0 | Q2: =temp!AE14 -> 0 | R2: =temp!AF14 -> 0 | S2: =temp!AG14 -> 1.2196
B3: =temp!P3 -> 0.7964 | C3: =temp!Q3 -> 2.0921 | D3: =temp!R3 -> 0 | E3: HT | H3: =temp!V16 -> 0 | I3: =temp!W16 -> 0 | J3: =temp!X16 -> 0 | K3: =temp!Y16 -> 0 | L3: =temp!Z16 -> 0 | M3: =temp!AA16 -> 0 | Q3: =temp!AE16 -> 0 | R3: =temp!AF16 -> 0 | S3: =temp!AG16 -> 1.3707
B4: =temp!P17 -> 0 | C4: =temp!Q17 -> 0 | D4: =temp!R17 -> 0 | E4: =temp!S17 -> 0 | F4: =temp!T17 -> 0 | G4: =temp!U17 -> 0 | H4: QT | K4: =temp!Y17 -> 0 | L4: =temp!Z17 -> 0 | M4: =temp!AA17 -> 0 | Q4: =temp!AE17 -> 0.5329 | R4: =temp!AF17 -> limit: | S4: =temp!AG17 -> 0
B5: =temp!P18 -> 0 | C5: =temp!Q18 -> 0 | D5: =temp!R18 -> 0 | E5: =temp!S18 -> 0 | F5: =temp!T18 -> 0 | G5: =temp!U18 -> 0 | H5: =temp!V18 -> 0 | I5: =temp!W18 -> 0 | J5: =temp!X18 -> 0 | K5: PLT | Q5: =temp!AE18 -> 0 | R5: =temp!AF18 -> 0 | S5: =temp!AG18 -> 0
N6: AT
B7: =temp!P20 -> 0 | C7: =temp!Q20 -> 0 | D7: =temp!R20 -> 0 | E7: =temp!S20 -> 0 | F7: =temp!T20 -> 0 | G7: =temp!U20 -> 0 | H7: =temp!V20 -> 0 | I7: =temp!W20 -> 0 | ... P7: =temp!AD20 -> 0 | Q7: TA

Sheet table
