Workbook
Name age_mean: covariates!$D$2:$D$123
Name age_sd: covariates!$E$2:$E$123
Name female: covariates!$G$2:$G$123
Name follow_up: covariates!$H$2:$H$123
Name male: covariates!$F$2:$F$123

Sheet outcomes
A1: id | B1: study | C1: subgroup | D1: outcome | E1: data_type | F1: ni | G1: yi | H1: sdi | I1: TE | J1: seTE | K1: age | L1: male | M1: female | N1: follow_up
A2: 6 | B2: Anz et al., 2023 | C2: BPTB | D2: graft rupture | E2: dichotomous | F2: 8 | G2: 0 | H2: 0.18 | K2: 27.6 | L2: =VLOOKUP($B2,covariates!$B$2:$H$125,5) -> 3 | M2: =VLOOKUP($B2,covariates!$B$2:$H$125,6) -> 7 | N2: 12
A3: 6 | B3: Anz et al., 2023 | C3: HT | D3: graft rupture | E3: dichotomous | F3: 8 | G3: 0 | H3: 0.18 | K3: 27.6 | L3: =VLOOKUP($B3,covariates!$B$2:$H$125,5) -> 3 | M3: =VLOOKUP($B3,covariates!$B$2:$H$125,6) -> 7 | N3: 12
A4: 43 | B4: Kautzner et al., 2015 | C4: BPTB | D4: graft rupture | E4: dichotomous | F4: 74 | G4: 0 | H4: 0.06 | K4: 26 | L4: =VLOOKUP($B4,covariates!$B$2:$H$125,5) -> 0 | M4: =VLOOKUP($B4,covariates!$B$2:$H$125,6) -> 73 | N4: 24
A5: 43 | B5: Kautzner et al., 2015 | C5: HT | D5: graft rupture | E5: dichotomous | F5: 73 | G5: 2 | H5: 0.3 | K5: 26 | L5: =VLOOKUP($B5,covariates!$B$2:$H$125,5) -> 0 | M5: =VLOOKUP($B5,covariates!$B$2:$H$125,6) -> 73 | N5: 24
A6: 49 | B6: Laxdal et al., 2005 | C6: BPTB | D6: graft rupture | E6: dichotomous | F6: 40 | G6: 1 | H6: 0.24 | K6: 25 | N6: 26
A7: 49 | B7: Laxdal et al., 2005 | C7: HT | D7: graft rupture | E7: dichotomous | F7: 78 | G7: 2 | H7: 0.42 | K7: 25 | N7: 26
A8: 54 | B8: Lucidi et al., 2025 | C8: BPTB | D8: graft rupture | E8: dichotomous | F8: 19 | G8: 7 | H8: 2.72 | K8: 54.5 | N8: 240
A9: 54 | B9: Lucidi et al., 2025 | C9: HT | D9: graft rupture | E9: dichotomous | F9: 20 | G9: 3 | H9: 0.92 | K9: 54.5 | N9: 240
A10: 66 | B10: Mohtadi et al., 2016 | C10: BPTB | D10: graft rupture | E10: dichotomous | F10: 110 | G10: 19 | H10: 2.25 | K10: 28.4 | L10: =VLOOKUP($B10,covariates!$B$2:$H$125,5) -> 120 | M10: =VLOOKUP($B10,covariates!$B$2:$H$125,6) -> 100 | N10: 24
A11: 66 | B11: Mohtadi et al., 2016 | C11: HT | D11: graft rupture | E11: dichotomous | F11: 110 | G11: 24 | H11: 2.99 | K11: 28.4 | L11: =VLOOKUP($B11,covariates!$B$2:$H$125,5) -> 120 | M11: =VLOOKUP($B11,covariates!$B$2:$H$125,6) -> 100 | N11: 24
A12: 76 | B12: Pinczewski et al., 2007 | C12: BPTB | D12: graft rupture | E12: dichotomous | F12: 90 | G12: 7 | H12: 0.86 | K12: 24 | L12: =VLOOKUP($B12,covariates!$B$2:$H$125,5) -> 47 | M12: =VLOOKUP($B12,covariates!$B$2:$H$125,6) -> 43 | N12: 120
A13: 76 | B13: Pinczewski et al., 2007 | C13: HT | D13: graft rupture | E13: dichotomous | F13: 90 | G13: 12 | H13: 1.52 | K13: 24 | L13: =VLOOKUP($B13,covariates!$B$2:$H$125,5) -> 47 | M13: =VLOOKUP($B13,covariates!$B$2:$H$125,6) -> 43 | N13: 120
A14: 77 | B14: Popovic et al., 2024 | C14: BPTB | D14: graft rupture | E14: dichotomous | F14: 38 | G14: 3 | H14: 0.62 | K14: 27 | N14: 228
A15: 77 | B15: Popovic et al., 2024 | C15: HT | D15: graft rupture | E15: dichotomous | F15: 33 | G15: 4 | H15: 0.89 | K15: 27 | N15: 228
A16: 85 | B16: Smith et al., 2020 | C16: BPTB | D16: graft rupture | E16: dichotomous | F16: 32 | G16: 0 | H16: 0.09 | K16: 17.7 | L16: =VLOOKUP($B16,covariates!$B$2:$H$125,5) -> 13 | M16: =VLOOKUP($B16,covariates!$B$2:$H$125,6) -> 19 | N16: 24
A17: 85 | B17: Smith et al., 2020 | C17: HT | D17: graft rupture | E17: dichotomous | F17: 32 | G17: 2 | H17: 0.47 | K17: 17.7 | L17: =VLOOKUP($B17,covariates!$B$2:$H$125,5) -> 13 | M17: =VLOOKUP($B17,covariates!$B$2:$H$125,6) -> 19 | N17: 24
A18: 87 | B18: Sonnery-cottet et al., 2026 | C18: BPTB | D18: graft rupture | E18: dichotomous | F18: 273 | G18: 12 | H18: 0.79 | K18: 25.2 | L18: =VLOOKUP($B18,covariates!$B$2:$H$125,5) -> 233 | M18: =VLOOKUP($B18,covariates!$B$2:$H$125,6) -> 40 | N18: 63.9
A19: 87 | B19: Sonnery-cottet et al., 2026 | C19: HT | D19: graft rupture | E19: dichotomous | F19: 283 | G19: 12 | H19: 0.78 | K19: 25.2 | L19: =VLOOKUP($B19,covariates!$B$2:$H$125,5) -> 233 | M19: =VLOOKUP($B19,covariates!$B$2:$H$125,6) -> 40 | N19: 63.9
A20: 90 | B20: Taylor et al., 2009 | C20: BPTB | D20: graft rupture | E20: dichotomous | F20: 32 | G20: 3 | H20: 0.68 | K20: 22.1 | L20: =VLOOKUP($B20,covariates!$B$2:$H$125,5) -> 28 | M20: =VLOOKUP($B20,covariates!$B$2:$H$125,6) -> 4 | N20: 38.4
A21: 90 | B21: Taylor et al., 2009 | C21: HT | D21: graft rupture | E21: dichotomous | F21: 32 | G21: 4 | H21: 0.91 | K21: 22.1 | L21: =VLOOKUP($B21,covariates!$B$2:$H$125,5) -> 28 | M21: =VLOOKUP($B21,covariates!$B$2:$H$125,6) -> 4 | N21: 38.4
A22: 96 | B22: Wipfler et al., 2011 | C22: BPTB | D22: graft rupture | E22: dichotomous | F22: 29 | G22: 3 | H22: 0.72 | K22: 34.2 | L22: =VLOOKUP($B22,covariates!$B$2:$H$125,5) -> 18 | M22: =VLOOKUP($B22,covariates!$B$2:$H$125,6) -> 13 | N22: 108
A23: 96 | B23: Wipfler et al., 2011 | C23: HT | D23: graft rupture | E23: dichotomous | F23: 25 | G23: 3 | H23: 0.8 | K23: 34.2 | L23: =VLOOKUP($B23,covariates!$B$2:$H$125,5) -> 18 | M23: =VLOOKUP($B23,covariates!$B$2:$H$125,6) -> 13 | N23: 108
A24: 97 | B24: Yadav et al., 2025 | C24: HT | D24: graft rupture | E24: dichotomous | F24: 36 | G24: 1 | H24: 0.26 | K24: 28.7 | L24: =VLOOKUP($B24,covariates!$B$2:$H$125,5) -> 30 | M24: =VLOOKUP($B24,covariates!$B$2:$H$125,6) -> 3 | N24: 12
A25: 97 | B25: Yadav et al., 2025 | C25: QT | D25: graft rupture | E25: dichotomous | F25: 33 | G25: 0 | H25: 0.09 | K25: 28.7 | L25: =VLOOKUP($B25,covariates!$B$2:$H$125,5) -> 30 | M25: =VLOOKUP($B25,covariates!$B$2:$H$125,6) -> 3 | N25: 12
A26: 10 | B26: Barié et al., 2020 | C26: BPTB | D26: ikdc_subjective | E26: continuous | F26: 43 | G26: 91 | H26: 7.3 | K26: 30.5 | L26: =VLOOKUP($B26,covariates!$B$2:$H$125,5) -> 17 | M26: =VLOOKUP($B26,covariates!$B$2:$H$125,6) -> 13 | N26: 123.6
A27: 10 | B27: Barié et al., 2020 | C27: QT | D27: ikdc_subjective | E27: continuous | F27: 43 | G27: 92 | H27: 11.5 | K27: 30.5 | L27: =VLOOKUP($B27,covariates!$B$2:$H$125,5) -> 17 | M27: =VLOOKUP($B27,covariates!$B$2:$H$125,6) -> 13 | N27: 123.6
... A49: 53 | B49: Lind et al., 2020 | C49: QT | D49: ikdc_subjective | E49: continuous | F49: 47 | G49: 82 | H49: 14 | K49: 27.2 | L49: =VLOOKUP($B49,covariates!$B$2:$H$125,5) -> 29 | M49: =VLOOKUP($B49,covariates!$B$2:$H$125,6) -> 21 | N49: 24
A50: 54 | B50: Lucidi et al., 2025 | C50: BPTB | D50: ikdc_subjective | E50: continuous | F50: 19 | G50: 78.4 | H50: 13.7 | K50: 54.5 | N50: 240
A51: 54 | B51: Lucidi et al., 2025 | C51: HT | D51: ikdc_subjective | E51: continuous | F51: 20 | G51: 81.6 | H51: 11.9 | K51: 54.5 | N51: 240
A52: 55 | B52: Lui et al., 2012 | C52: BPTB | D52: ikdc_subjective | E52: continuous | F52: 14 | G52: 71.9 | H52: 15.2 | K52: 24.6 | L52: =VLOOKUP($B52,covariates!$B$2:$H$125,5) -> 38 | M52: =VLOOKUP($B52,covariates!$B$2:$H$125,6) -> 0 | N52: 12
A53: 55 | B53: Lui et al., 2012 | C53: HT | D53: ikdc_subjective | E53: continuous | F53: 17 | G53: 73.1 | H53: 12.3 | K53: 24.6 | L53: =VLOOKUP($B53,covariates!$B$2:$H$125,5) -> 38 | M53: =VLOOKUP($B53,covariates!$B$2:$H$125,6) -> 0 | N53: 12
A54: 56 | B54: Lund et al., 2014 | C54: BPTB | D54: ikdc_subjective | E54: continuous | F54: 18 | G54: 75 | H54: 13 | K54: 30 | L54: =VLOOKUP($B54,covariates!$B$2:$H$125,5) -> 17 | M54: =VLOOKUP($B54,covariates!$B$2:$H$125,6) -> 4 | N54: 24
A55: 56 | B55: Lund et al., 2014 | C55: QT | D55: ikdc_subjective | E55: continuous | F55: 21 | G55: 76 | H55: 16 | K55: 30 | L55: =VLOOKUP($B55,covariates!$B$2:$H$125,5) -> 17 | M55: =VLOOKUP($B55,covariates!$B$2:$H$125,6) -> 4 | N55: 24
A56: 58 | B56: Malik et al., 2026 | C56: HT | D56: ikdc_subjective | E56: continuous | F56: 25 | G56: 78.9 | H56: 7.4 | K56: 27.8 | L56: =VLOOKUP($B56,covariates!$B$2:$H$125,5) -> 17 | M56: =VLOOKUP($B56,covariates!$B$2:$H$125,6) -> 8 | N56: 6
A57: 58 | B57: Malik et al., 2026 | C57: PLT | D57: ikdc_subjective | E57: continuous | F57: 25 | G57: 82.6 | H57: 6.3 | K57: 27.8 | L57: =VLOOKUP($B57,covariates!$B$2:$H$125,5) -> 17 | M57: =VLOOKUP($B57,covariates!$B$2:$H$125,6) -> 8 | N57: 6
A58: 62 | B58: Matsumoto et al., 2006 | C58: BPTB | D58: ikdc_subjective | E58: continuous | F58: 37 | G58: 84.3 | H58: 11 | K58: 24.4 | L58: =VLOOKUP($B58,covariates!$B$2:$H$125,5) -> 20 | M58: =VLOOKUP($B58,covariates!$B$2:$H$125,6) -> 15 | N58: 80.7
A59: 62 | B59: Matsumoto et al., 2006 | C59: HT | D59: ikdc_subjective | E59: continuous | F59: 35 | G59: 86.8 | H59: 8.3 | K59: 24.4 | L59: =VLOOKUP($B59,covariates!$B$2:$H$125,5) -> 20 | M59: =VLOOKUP($B59,covariates!$B$2:$H$125,6) -> 15 | N59: 80.7
A60: 68 | B60: Moraiti et al., 2010 | C60: BPTB | D60: ikdc_subjective | E60: continuous | F60: 6 | G60: 92 | H60: 7 | K60: 24 | L60: =VLOOKUP($B60,covariates!$B$2:$H$125,5) -> 6 | M60: =VLOOKUP($B60,covariates!$B$2:$H$125,6) -> 0 | N60: 25
A61: 68 | B61: Moraiti et al., 2010 | C61: HT | D61: ikdc_subjective | E61: continuous | F61: 6 | G61: 90 | H61: 10 | K61: 24 | L61: =VLOOKUP($B61,covariates!$B$2:$H$125,5) -> 6 | M61: =VLOOKUP($B61,covariates!$B$2:$H$125,6) -> 0 | N61: 25
A62: 73 | B62: Papalia et al., 2015 | C62: BPTB | D62: ikdc_subjective | E62: continuous | F62: 20 | G62: 86.9 | H62: 11.7 | K62: 25.4 | L62: =VLOOKUP($B62,covariates!$B$2:$H$125,5) -> 0 | M62: =VLOOKUP($B62,covariates!$B$2:$H$125,6) -> 20 | N62: 6
A63: 73 | B63: Papalia et al., 2015 | C63: HT | D63: ikdc_subjective | E63: continuous | F63: 20 | G63: 90.97 | H63: 5.1 | K63: 25.4 | L63: =VLOOKUP($B63,covariates!$B$2:$H$125,5) -> 0 | M63: =VLOOKUP($B63,covariates!$B$2:$H$125,6) -> 20 | N63: 6
... A91: 23 | B91: Ejerhed et al., 2003 | C91: HT | D91: instrumented_laxity | E91: continuous | F91: 34 | G91: 2.47 | H91: 3.47 | K91: 30.8 | L91: =VLOOKUP($B91,covariates!$B$2:$H$125,5) -> 25 | M91: =VLOOKUP($B91,covariates!$B$2:$H$125,6) -> 9 | N91: 24
A92: 25 | B92: Eriksson et al., 2001 | C92: BPTB | D92: instrumented_laxity | E92: continuous | F92: 42 | G92: 0.95 | H92: 0.91 | K92: 27 | N92: 6.7
A93: 25 | B93: Eriksson et al., 2001 | C93: HT | D93: instrumented_laxity | E93: continuous | F93: 47 | G93: 1.1 | H93: 0.95 | K93: 27 | N93: 6.7
A94: 26 | B94: Feller & Webster, 2003 | C94: BPTB | D94: instrumented_laxity | E94: continuous | F94: 27 | G94: 0.5 | H94: 1 | K94: 26.3 | L94: =VLOOKUP($B94,covariates!$B$2:$H$125,5) -> 24 | M94: =VLOOKUP($B94,covariates!$B$2:$H$125,6) -> 10 | N94: 36
A95: 26 | B95: Feller & Webster, 2003 | C95: HT | D95: instrumented_laxity | E95: continuous | F95: 21 | G95: 1.1 | H95: 1.2 | K95: 26.3 | L95: =VLOOKUP($B95,covariates!$B$2:$H$125,5) -> 24 | M95: =VLOOKUP($B95,covariates!$B$2:$H$125,6) -> 10 | N95: 36
A96: 30 | B96: Gifstad et al., 2013 | C96: BPTB | D96: instrumented_laxity | E96: continuous | F96: 41 | G96: 1.4 | H96: 1.8 | K96: 27 | N96: 84
A97: 30 | B97: Gifstad et al., 2013 | C97: HT | D97: instrumented_laxity | E97: continuous | F97: 36 | G97: 1.4 | H97: 1.4 | K97: 27 | N97: 84
A98: 33 | B98: Harilainen et al., 2006 | C98: BPTB | D98: instrumented_laxity | E98: continuous | F98: 37 | G98: 1.5 | H98: 3 | N98: 60.6
A99: 33 | B99: Harilainen et al., 2006 | C99: HT | D99: instrumented_laxity | E99: continuous | F99: 37 | G99: 1.2 | H99: 3.9 | N99: 60.6
A100: 35 | B100: Holm et al., 2010 | C100: BPTB | D100: instrumented_laxity | E100: continuous | F100: 28 | G100: 3 | H100: 3.2 | K100: 37.9 | L100: =VLOOKUP($B100,covariates!$B$2:$H$125,5) -> 15 | M100: =VLOOKUP($B100,covariates!$B$2:$H$125,6) -> 14 | N100: 10.7
A101: 35 | B101: Holm et al., 2010 | C101: HT | D101: instrumented_laxity | E101: continuous | F101: 29 | G101: 2 | H101: 3.5 | K101: 37.9 | L101: =VLOOKUP($B101,covariates!$B$2:$H$125,5) -> 15 | M101: =VLOOKUP($B101,covariates!$B$2:$H$125,6) -> 14 | N101: 10.7
A102: 36 | B102: Horstmann et al., 2022 | C102: HT | D102: instrumented_laxity | E102: continuous | F102: 26 | G102: 0.2 | H102: 2.2 | K102: 24.1 | L102: =VLOOKUP($B102,covariates!$B$2:$H$125,5) -> 21 | M102: =VLOOKUP($B102,covariates!$B$2:$H$125,6) -> 3 | N102: 24
A103: 36 | B103: Horstmann et al., 2022 | C103: QT | D103: instrumented_laxity | E103: continuous | F103: 23 | G103: 0.7 | H103: 1.1 | K103: 24.1 | L103: =VLOOKUP($B103,covariates!$B$2:$H$125,5) -> 21 | M103: =VLOOKUP($B103,covariates!$B$2:$H$125,6) -> 3 | N103: 24
A104: 41 | B104: Jansson et al., 2003 | C104: BPTB | D104: instrumented_laxity | E104: continuous | F104: 43 | G104: 1.7 | H104: 2.63 | N104: 24
A105: 41 | B105: Jansson et al., 2003 | C105: HT | D105: instrumented_laxity | E105: continuous | F105: 46 | G105: 1.2 | H105: 2.65 | N105: 24
A106: 43 | B106: Kautzner et al., 2015 | C106: BPTB | D106: instrumented_laxity | E106: continuous | F106: 74 | G106: 0.6 | H106: 0.21 | K106: 26 | L106: =VLOOKUP($B106,covariates!$B$2:$H$125,5) -> 0 | M106: =VLOOKUP($B106,covariates!$B$2:$H$125,6) -> 73 | N106: 24
A107: 43 | B107: Kautzner et al., 2015 | C107: HT | D107: instrumented_laxity | E107: continuous | F107: 73 | G107: 0.5 | H107: 0.42 | K107: 26 | L107: =VLOOKUP($B107,covariates!$B$2:$H$125,5) -> 0 | M107: =VLOOKUP($B107,covariates!$B$2:$H$125,6) -> 73 | N107: 24
A108: 45 | B108: Konrads et al., 2016 | C108: BPTB | D108: instrumented_laxity | E108: continuous | F108: 24 | G108: 1.8 | H108: 0.51 | K108: 29.8 | L108: =VLOOKUP($B108,covariates!$B$2:$H$125,5) -> 23 | M108: =VLOOKUP($B108,covariates!$B$2:$H$125,6) -> 8 | N108: 120
A109: 45 | B109: Konrads et al., 2016 | C109: HT | D109: instrumented_laxity | E109: continuous | F109: 23 | G109: 2.2 | H109: 0.78 | K109: 29.8 | L109: =VLOOKUP($B109,covariates!$B$2:$H$125,5) -> 23 | M109: =VLOOKUP($B109,covariates!$B$2:$H$125,6) -> 8 | N109: 120
A110: 46 | B110: Laoruengthana et al., 2009 | C110: BPTB | D110: instrumented_laxity | E110: continuous | F110: 15 | G110: 1.22 | H110: 0.69 | K110: 28.7 | N110: 19
A111: 46 | B111: Laoruengthana et al., 2009 | C111: HT | D111: instrumented_laxity | E111: continuous | F111: 13 | G111: 0.96 | H111: 0.42 | K111: 28.7 | N111: 19
A112: 49 | B112: Laxdal et al., 2005 | C112: BPTB | D112: instrumented_laxity | E112: continuous | F112: 40 | G112: 1 | H112: 3.01 | K112: 25 | N112: 26
A113: 49 | B113: Laxdal et al., 2005 | C113: HT | D113: instrumented_laxity | E113: continuous | F113: 78 | G113: 1.5 | H113: 3.12 | K113: 25 | N113: 26
A114: 51 | B114: Li et al., 2015 | C114: HT | D114: instrumented_laxity | E114: continuous | F114: 32 | G114: 2.1 | H114: 1.6 | K114: 30.5 | L114: =VLOOKUP($B114,covariates!$B$2:$H$125,5) -> 15 | M114: =VLOOKUP($B114,covariates!$B$2:$H$125,6) -> 17 | N114: 73.2
A115: 51 | B115: Li et al., 2015 | C115: TA | D115: instrumented_laxity | E115: continuous | F115: 32 | G115: 3.5 | H115: 1.2 | K115: 30.5 | L115: =VLOOKUP($B115,covariates!$B$2:$H$125,5) -> 15 | M115: =VLOOKUP($B115,covariates!$B$2:$H$125,6) -> 17 | N115: 73.2
A116: 52 | B116: Lidén et al., 2007 | C116: BPTB | D116: instrumented_laxity | E116: continuous | F116: 30 | G116: 2.3 | H116: 3.06 | K116: 29 | L116: =VLOOKUP($B116,covariates!$B$2:$H$125,5) -> 26 | M116: =VLOOKUP($B116,covariates!$B$2:$H$125,6) -> 11 | N116: 87.1
A117: 52 | B117: Lidén et al., 2007 | C117: HT | D117: instrumented_laxity | E117: continuous | F117: 32 | G117: 2.7 | H117: 3.39 | K117: 29 | L117: =VLOOKUP($B117,covariates!$B$2:$H$125,5) -> 26 | M117: =VLOOKUP($B117,covariates!$B$2:$H$125,6) -> 11 | N117: 87.1
A118: 53 | B118: Lind et al., 2020 | C118: HT | D118: instrumented_laxity | E118: continuous | F118: 49 | G118: 1.9 | H118: 1.7 | K118: 27.2 | L118: =VLOOKUP($B118,covariates!$B$2:$H$125,5) -> 29 | M118: =VLOOKUP($B118,covariates!$B$2:$H$125,6) -> 21 | N118: 24
A119: 53 | B119: Lind et al., 2020 | C119: QT | D119: instrumented_laxity | E119: continuous | F119: 47 | G119: 1.8 | H119: 1 | K119: 27.2 | L119: =VLOOKUP($B119,covariates!$B$2:$H$125,5) -> 29 | M119: =VLOOKUP($B119,covariates!$B$2:$H$125,6) -> 21 | N119: 24
A120: 54 | B120: Lucidi et al., 2025 | C120: BPTB | D120: instrumented_laxity | E120: continuous | F120: 19 | G120: -0.1 | H120: 1.6 | K120: 54.5 | N120: 240
A121: 54 | B121: Lucidi et al., 2025 | C121: HT | D121: instrumented_laxity | E121: continuous | F121: 20 | G121: 1.5 | H121: 1.2 | K121: 54.5 | N121: 240
A122: 55 | B122: Lui et al., 2012 | C122: BPTB | D122: instrumented_laxity | E122: continuous | F122: 14 | G122: 3.7 | H122: 1.4 | K122: 24.6 | L122: =VLOOKUP($B122,covariates!$B$2:$H$125,5) -> 38 | M122: =VLOOKUP($B122,covariates!$B$2:$H$125,6) -> 0 | N122: 12
A123: 55 | B123: Lui et al., 2012 | C123: HT | D123: instrumented_laxity | E123: continuous | F123: 17 | G123: 3.1 | H123: 1.6 | K123: 24.6 | L123: =VLOOKUP($B123,covariates!$B$2:$H$125,5) -> 38 | M123: =VLOOKUP($B123,covariates!$B$2:$H$125,6) -> 0 | N123: 12
A124: 56 | B124: Lund et al., 2014 | C124: BPTB | D124: instrumented_laxity | E124: continuous | F124: 18 | G124: 1.1 | H124: 1.4 | K124: 30 | L124: =VLOOKUP($B124,covariates!$B$2:$H$125,5) -> 17 | M124: =VLOOKUP($B124,covariates!$B$2:$H$125,6) -> 4 | N124: 24
A125: 56 | B125: Lund et al., 2014 | C125: QT | D125: instrumented_laxity | E125: continuous | F125: 21 | G125: 0.8 | H125: 1.7 | K125: 30 | L125: =VLOOKUP($B125,covariates!$B$2:$H$125,5) -> 17 | M125: =VLOOKUP($B125,covariates!$B$2:$H$125,6) -> 4 | N125: 24
A126: 58 | B126: Malik et al., 2026 | C126: HT | D126: instrumented_laxity | E126: continuous | F126: 25 | G126: 2.1 | H126: 1 | K126: 27.8 | L126: =VLOOKUP($B126,covariates!$B$2:$H$125,5) -> 17 | M126: =VLOOKUP($B126,covariates!$B$2:$H$125,6) -> 8 | N126: 6
A127: 58 | B127: Malik et al., 2026 | C127: PLT | D127: instrumented_laxity | E127: continuous | F127: 25 | G127: 1.8 | H127: 0.9 | K127: 27.8 | L127: =VLOOKUP($B127,covariates!$B$2:$H$125,5) -> 17 | M127: =VLOOKUP($B127,covariates!$B$2:$H$125,6) -> 8 | N127: 6
A128: 62 | B128: Matsumoto et al., 2006 | C128: BPTB | D128: instrumented_laxity | E128: continuous | F128: 37 | G128: 1.2 | H128: 2.1 | K128: 24.4 | L128: =VLOOKUP($B128,covariates!$B$2:$H$125,5) -> 20 | M128: =VLOOKUP($B128,covariates!$B$2:$H$125,6) -> 15 | N128: 80.7
A129: 62 | B129: Matsumoto et al., 2006 | C129: HT | D129: instrumented_laxity | E129: continuous | F129: 35 | G129: 1.7 | H129: 1.4 | K129: 24.4 | L129: =VLOOKUP($B129,covariates!$B$2:$H$125,5) -> 20 | M129: =VLOOKUP($B129,covariates!$B$2:$H$125,6) -> 15 | N129: 80.7
A130: 76 | B130: Pinczewski et al., 2007 | C130: BPTB | D130: instrumented_laxity | E130: continuous | F130: 54 | G130: 1.2 | H130: 1.69 | K130: 24 | L130: =VLOOKUP($B130,covariates!$B$2:$H$125,5) -> 47 | M130: =VLOOKUP($B130,covariates!$B$2:$H$125,6) -> 43 | N130: 120
A131: 76 | B131: Pinczewski et al., 2007 | C131: HT | D131: instrumented_laxity | E131: continuous | F131: 58 | G131: 1.6 | H131: 1.55 | K131: 24 | L131: =VLOOKUP($B131,covariates!$B$2:$H$125,5) -> 47 | M131: =VLOOKUP($B131,covariates!$B$2:$H$125,6) -> 43 | N131: 120
A132: 77 | B132: Popovic et al., 2024 | C132: BPTB | D132: instrumented_laxity | E132: continuous | F132: 38 | G132: 1.3 | H132: 2.2 | K132: 27 | N132: 228
A133: 77 | B133: Popovic et al., 2024 | C133: HT | D133: instrumented_laxity | E133: continuous | F133: 33 | G133: 1.5 | H133: 3.3 | K133: 27 | N133: 228
A134: 85 | B134: Smith et al., 2020 | C134: BPTB | D134: instrumented_laxity | E134: continuous | F134: 32 | G134: 0 | H134: 0.8 | K134: 17.7 | L134: =VLOOKUP($B134,covariates!$B$2:$H$125,5) -> 13 | M134: =VLOOKUP($B134,covariates!$B$2:$H$125,6) -> 19 | N134: 24
A135: 85 | B135: Smith et al., 2020 | C135: HT | D135: instrumented_laxity | E135: continuous | F135: 32 | G135: 0.3 | H135: 0.7 | K135: 17.7 | L135: =VLOOKUP($B135,covariates!$B$2:$H$125,5) -> 13 | M135: =VLOOKUP($B135,covariates!$B$2:$H$125,6) -> 19 | N135: 24
A136: 87 | B136: Sonnery-cottet et al., 2026 | C136: BPTB | D136: instrumented_laxity | E136: continuous | F136: 296 | G136: 1.2 | H136: 1.4 | K136: 25.2 | L136: =VLOOKUP($B136,covariates!$B$2:$H$125,5) -> 233 | M136: =VLOOKUP($B136,covariates!$B$2:$H$125,6) -> 40 | N136: 63.9
A137: 87 | B137: Sonnery-cottet et al., 2026 | C137: HT | D137: instrumented_laxity | E137: continuous | F137: 297 | G137: 0.9 | H137: 1 | K137: 25.2 | L137: =VLOOKUP($B137,covariates!$B$2:$H$125,5) -> 233 | M137: =VLOOKUP($B137,covariates!$B$2:$H$125,6) -> 40 | N137: 63.9
A138: 95 | B138: Webster et al., 2001 | C138: BPTB | D138: instrumented_laxity | E138: continuous | F138: 23 | G138: 1.1 | H138: 0.65 | K138: 27 | L138: =VLOOKUP($B138,covariates!$B$2:$H$125,5) -> 23 | M138: =VLOOKUP($B138,covariates!$B$2:$H$125,6) -> 10 | N138: 24
A139: 95 | B139: Webster et al., 2001 | C139: HT | D139: instrumented_laxity | E139: continuous | F139: 31 | G139: 1.7 | H139: 0.97 | K139: 27 | L139: =VLOOKUP($B139,covariates!$B$2:$H$125,5) -> 23 | M139: =VLOOKUP($B139,covariates!$B$2:$H$125,6) -> 10 | N139: 24
A140: 96 | B140: Wipfler et al., 2011 | C140: BPTB | D140: instrumented_laxity | E140: continuous | F140: 29 | G140: 0.9 | H140: 0.27 | K140: 34.2 | L140: =VLOOKUP($B140,covariates!$B$2:$H$125,5) -> 18 | M140: =VLOOKUP($B140,covariates!$B$2:$H$125,6) -> 13 | N140: 108
A141: 96 | B141: Wipfler et al., 2011 | C141: HT | D141: instrumented_laxity | E141: continuous | F141: 25 | G141: 0.64 | H141: 0.36 | K141: 34.2 | L141: =VLOOKUP($B141,covariates!$B$2:$H$125,5) -> 18 | M141: =VLOOKUP($B141,covariates!$B$2:$H$125,6) -> 13 | N141: 108
A142: 97 | B142: Yadav et al., 2025 | C142: HT | D142: instrumented_laxity | E142: continuous | F142: 36 | G142: 3.77 | H142: 2.01 | K142: 28.7 | L142: =VLOOKUP($B142,covariates!$B$2:$H$125,5) -> 30 | M142: =VLOOKUP($B142,covariates!$B$2:$H$125,6) -> 3 | N142: 12
A143: 97 | B143: Yadav et al., 2025 | C143: QT | D143: instrumented_laxity | E143: continuous | F143: 33 | G143: 2.73 | H143: 1.64 | K143: 28.7 | L143: =VLOOKUP($B143,covariates!$B$2:$H$125,5) -> 30 | M143: =VLOOKUP($B143,covariates!$B$2:$H$125,6) -> 3 | N143: 12
A144: 100 | B144: Zaffagnini et al., 2011 | C144: BPTB | D144: instrumented_laxity | E144: continuous | F144: 40 | G144: 0.4 | H144: 0.6 | K144: 27 | L144: =VLOOKUP($B144,covariates!$B$2:$H$125,5) -> 22 | M144: =VLOOKUP($B144,covariates!$B$2:$H$125,6) -> 18 | N144: 103.2
A145: 100 | B145: Zaffagnini et al., 2011 | C145: HT | D145: instrumented_laxity | E145: continuous | F145: 39 | G145: 1.1 | H145: 1.9 | K145: 27 | L145: =VLOOKUP($B145,covariates!$B$2:$H$125,5) -> 22 | M145: =VLOOKUP($B145,covariates!$B$2:$H$125,6) -> 18 | N145: 103.2
... A155: 26 | B155: Feller & Webster, 2003 | C155: HT | D155: lachman | E155: dichotomous | F155: 21 | G155: 0 | H155: 0.11 | K155: 26.3 | L155: =VLOOKUP($B155,covariates!$B$2:$H$125,5) -> 24 | M155: =VLOOKUP($B155,covariates!$B$2:$H$125,6) -> 10 | N155: 36
A156: 30 | B156: Gifstad et al., 2013 | C156: BPTB | D156: lachman | E156: dichotomous | F156: 41 | G156: 1 | H156: 0.24 | K156: 27 | N156: 84
A157: 30 | B157: Gifstad et al., 2013 | C157: HT | D157: lachman | E157: dichotomous | F157: 36 | G157: 1 | H157: 0.26 | K157: 27 | N157: 84
...

Sheet covariates
A1: id | B1: study | C1: subgroup | D1: age_mean | E1: age_sd | F1: male | G1: female | H1: follow_up
A2: 1 | B2: Ageberg et al., 2009 | C2: BPTB | D2: 32 | E2: 5 | F2: 15 | G2: 5 | H2: 36
A3: 1 | B3: Ageberg et al., 2009 | C3: HT | D3: 28 | E3: 4.4 | F3: 12 | G3: 4 | H3: 36
A4: 2 | B4: Aglietti et al., 2004 | C4: BPTB | D4: 25 | E4: 5 | F4: 46 | G4: 14 | H4: 24
A5: 2 | B5: Aglietti et al., 2004 | C5: HT | D5: 25 | E5: 5.2 | F5: 46 | G5: 14 | H5: 24
A6: 3 | B6: Ahldén et al., 2009 | C6: BPTB | D6: 27.4 | E6: 8.9 | F6: 14 | G6: 8 | H6: 90.3
A7: 3 | B7: Ahldén et al., 2009 | C7: HT | D7: 28.6 | E7: 6.4 | F7: 18 | G7: 7 | H7: 86.8
A8: 5 | B8: Anderson et al., 2001 | C8: BPTB | D8: 23.6 | E8: 7.1 | F8: 23 | G8: 12 | H8: 34.6
A9: 5 | B9: Anderson et al., 2001 | C9: 2-STG + LET | D9: 22 | E9: 5.8 | F9: 22 | G9: 11 | H9: 35.7
A10: 5 | B10: Anderson et al., 2001 | C10: 2-STG | D10: 20.1 | E10: 5.8 | F10: 23 | G10: 12 | H10: 35.9
A11: 5 | B11: Anderson et al., 2001 | C11: HT | D11: 21 | E11: 5.8 | F11: 45 | G11: 23 | H11: 35.8
A12: 6 | B12: Anz et al., 2023 | C12: BPTB | D12: 29.4 | E12: 7.3 | F12: 4 | G12: 6 | H12: 12
A13: 6 | B13: Anz et al., 2023 | C13: HT | D13: 27.6 | E13: 8.6 | F13: 3 | G13: 7 | H13: 12
... A33: 23 | B33: Ejerhed et al., 2003 | C33: HT | D33: 30.8 | E33: 10.5 | F33: 25 | G33: 9 | H33: 24
A34: 25 | B34: Eriksson et al., 2001 | C34: BPTB | D34: 27 | E34: 6 | H34: 6.7
A35: 25 | B35: Eriksson et al., 2001 | C35: HT | D35: 27 | E35: 6 | H35: 6.7
A36: 26 | B36: Feller & Webster, 2003 | C36: BPTB | D36: 25.8 | E36: 6 | F36: 23 | G36: 8 | H36: 36
A37: 26 | B37: Feller & Webster, 2003 | C37: HT | D37: 26.3 | E37: 6 | F37: 24 | G37: 10 | H37: 36
A38: 30 | B38: Gifstad et al., 2013 | C38: BPTB | D38: 27 | E38: 6.7 | H38: 84
A39: 30 | B39: Gifstad et al., 2013 | C39: HT | D39: 27 | E39: 6.8 | H39: 84
A40: 32 | B40: Guglielmetti et al., 2021 | C40: BPTB | D40: 25.2 | E40: 5.5 | F40: 23 | G40: 8 | H40: 24
A41: 32 | B41: Guglielmetti et al., 2021 | C41: HT | D41: 24.6 | E41: 5.3 | F41: 19 | G41: 12 | H41: 24
A42: 33 | B42: Harilainen et al., 2006 | C42: BPTB | H42: 60.6
A43: 33 | B43: Harilainen et al., 2006 | C43: HT | H43: 60.6
A44: 34 | B44: Heijne & Werner, 2010 | C44: BPTB | D44: 29 | E44: 7 | F44: 22 | G44: 12 | H44: 24.7
A45: 34 | B45: Heijne & Werner, 2010 | C45: HT | D45: 30 | E45: 9 | F45: 14 | G45: 20 | H45: 24.7
A46: 35 | B46: Holm et al., 2010 | C46: BPTB | D46: 33.9 | E46: 6.2 | F46: 18 | G46: 10 | H46: 10.2
A47: 35 | B47: Holm et al., 2010 | C47: HT | D47: 37.9 | E47: 9.1 | F47: 15 | G47: 14 | H47: 10.7
A48: 36 | B48: Horstmann et al., 2022 | C48: HT | D48: 32.7 | E48: 11.4 | F48: 12 | G48: 15 | H48: 24
A49: 36 | B49: Horstmann et al., 2022 | C49: QT | D49: 24.1 | E49: 3.6 | F49: 21 | G49: 3 | H49: 24
A50: 37 | B50: Ibrahim et al., 2005 | C50: BPTB | D50: 22.3 | E50: 3.9 | F50: 40 | G50: 0 | H50: 81
A51: 37 | B51: Ibrahim et al., 2005 | C51: HT | D51: 22.3 | E51: 3.8 | F51: 46 | G51: 0 | H51: 81
A52: 38 | B52: Iliopoulos et al., 2017 | C52: BPTB | D52: 24.8 | E52: 5 | F52: 10 | G52: 0 | H52: 9
A53: 38 | B53: Iliopoulos et al., 2017 | C53: HT | D53: 26.7 | E53: 7.2 | F53: 10 | G53: 0 | H53: 9
A54: 41 | B54: Jansson et al., 2003 | C54: BPTB | H54: 24
A55: 41 | B55: Jansson et al., 2003 | C55: HT | H55: 24
A56: 43 | B56: Kautzner et al., 2015 | C56: BPTB | D56: 26 | E56: 6.3 | F56: 0 | G56: 74 | H56: 24
A57: 43 | B57: Kautzner et al., 2015 | C57: HT | D57: 26 | E57: 6.3 | F57: 0 | G57: 73 | H57: 24
A58: 44 | B58: Komzak et al., 2022 | C58: BPTB | D58: 31 | E58: 9.5 | F58: 23 | G58: 17 | H58: 28
A59: 44 | B59: Komzak et al., 2022 | C59: QT | D59: 29.8 | E59: 9.5 | F59: 21 | G59: 19 | H59: 28
A60: 45 | B60: Konrads et al., 2016 | C60: BPTB | D60: 29.8 | E60: 6.3 | F60: 22 | G60: 9 | H60: 120
A61: 45 | B61: Konrads et al., 2016 | C61: HT | D61: 29.8 | E61: 6.3 | F61: 23 | G61: 8 | H61: 120
A62: 46 | B62: Laoruengthana et al., 2009 | C62: BPTB | D62: 29.9 | E62: 8.9 | H62: 19
A63: 46 | B63: Laoruengthana et al., 2009 | C63: HT | D63: 28.7 | E63: 9.3 | H63: 19
A64: 47 | B64: Lawhorn et al., 2012 | C64: HT | D64: 32 | E64: 8.4 | F64: 32 | G64: 22 | H64: 24
A65: 47 | B65: Lawhorn et al., 2012 | C65: TA | D65: 33 | E65: 8.3 | F65: 38 | G65: 10 | H65: 24
A66: 49 | B66: Laxdal et al., 2005 | C66: BPTB | D66: 28 | E66: 8.3 | H66: 26
A67: 49 | B67: Laxdal et al., 2005 | C67: HT | D67: 25 | E67: 5.6 | H67: 26
A68: 51 | B68: Li et al., 2015 | C68: HT | D68: 29.8 | E68: 7.9 | F68: 17 | G68: 15 | H68: 69.6
A69: 51 | B69: Li et al., 2015 | C69: TA | D69: 30.5 | E69: 6.1 | F69: 15 | G69: 17 | H69: 73.2
A70: 52 | B70: Lidén et al., 2007 | C70: BPTB | D70: 28 | E70: 8.4 | F70: 23 | G70: 11 | H70: 87.1
A71: 52 | B71: Lidén et al., 2007 | C71: HT | D71: 29 | E71: 10.4 | F71: 26 | G71: 11 | H71: 87.1
A72: 53 | B72: Lind et al., 2020 | C72: HT | D72: 27.1 | E72: 6.1 | F72: 25 | G72: 24 | H72: 24
A73: 53 | B73: Lind et al., 2020 | C73: QT | D73: 27.2 | E73: 6.2 | F73: 29 | G73: 21 | H73: 24
A74: 54 | B74: Lucidi et al., 2025 | C74: BPTB | D74: 52.8 | E74: 7.3 | H74: 240
A75: 54 | B75: Lucidi et al., 2025 | C75: HT | D75: 54.5 | E75: 7.5 | H75: 240
A76: 55 | B76: Lui et al., 2012 | C76: BPTB | D76: 26.5 | E76: 5 | F76: 14 | G76: 0 | H76: 12
A77: 55 | B77: Lui et al., 2012 | C77: ST | D77: 23.2 | E77: 3.9 | F77: 21 | G77: 0 | H77: 12
A78: 55 | B78: Lui et al., 2012 | C78: 2-ST | D78: 26.4 | E78: 4.9 | F78: 17 | G78: 0 | H78: 12
A79: 55 | B79: Lui et al., 2012 | C79: HT | D79: 24.6 | E79: 4.6 | F79: 38 | G79: 0 | H79: 12
A80: 56 | B80: Lund et al., 2014 | C80: BPTB | D80: 31 | E80: 8 | F80: 15 | G80: 3 | H80: 24
A81: 56 | B81: Lund et al., 2014 | C81: QT | D81: 30 | E81: 9 | F81: 17 | G81: 4 | H81: 24
A82: 58 | B82: Malik et al., 2026 | C82: HT | D82: 28.1 | E82: 5.2 | F82: 18 | G82: 7 | H82: 6
A83: 58 | B83: Malik et al., 2026 | C83: PLT | D83: 27.8 | E83: 4.9 | F83: 17 | G83: 8 | H83: 6
A84: 62 | B84: Matsumoto et al., 2006 | C84: BPTB | D84: 23.7 | E84: 7.7 | F84: 21 | G84: 16 | H84: 87
A85: 62 | B85: Matsumoto et al., 2006 | C85: HT | D85: 24.4 | E85: 9.7 | F85: 20 | G85: 15 | H85: 80.7
A86: 66 | B86: Mohtadi et al., 2016 | C86: BPTB | D86: 28.7 | E86: 9.9 | F86: 63 | G86: 47 | H86: 24
A87: 66 | B87: Mohtadi et al., 2016 | C87: 4-STG | D87: 28.3 | E87: 9.8 | F87: 61 | G87: 49 | H87: 24
... A93: 70 | B93: Noh et al., 2011 | C93: AT | D93: 25.6 | E93: 8.5 | F93: 26 | G93: 6 | H93: 31.6
A94: 73 | B94: Papalia et al., 2015 | C94: BPTB | D94: 24.7 | F94: 0 | G94: 20 | H94: 6
A95: 73 | B95: Papalia et al., 2015 | C95: HT | D95: 25.4 | F95: 0 | G95: 20 | H95: 6
A96: 76 | B96: Pinczewski et al., 2007 | C96: BPTB | D96: 25 | E96: 5.5 | F96: 48 | G96: 42 | H96: 120
A97: 76 | B97: Pinczewski et al., 2007 | C97: HT | D97: 24 | E97: 7.9 | F97: 47 | G97: 43 | H97: 120
A98: 77 | B98: Popovic et al., 2024 | C98: BPTB | D98: 27 | E98: 6.8 | H98: 228
A99: 77 | B99: Popovic et al., 2024 | C99: HT | D99: 27 | E99: 6.3 | H99: 228
A100: 82 | B100: Sajovic et al., 2018 | C100: BPTB | D100: 45.5 | E100: 8.7 | F100: 15 | G100: 9 | H100: 204
A101: 82 | B101: Sajovic et al., 2018 | C101: HT | D101: 42.5 | E101: 7.5 | F101: 13 | G101: 11 | H101: 204
A102: 84 | B102: Sinding et al., 2020 | C102: HT | D102: 28.3 | E102: 6.2 | F102: 23 | G102: 20 | H102: 12.5
A103: 84 | B103: Sinding et al., 2020 | C103: QT | D103: 28.7 | E103: 6.4 | F103: 25 | G103: 17 | H103: 12.4
A104: 85 | B104: Smith et al., 2020 | C104: BPTB | D104: 17.7 | E104: 2.4 | F104: 15 | G104: 17 | H104: 24
A105: 85 | B105: Smith et al., 2020 | C105: HT | D105: 17.7 | E105: 2.4 | F105: 13 | G105: 19 | H105: 24
A106: 87 | B106: Sonnery-Cottet et al., 2026 | C106: BPTB | D106: 24.8 | E106: 4.4 | F106: 214 | G106: 69 | H106: 61.5
A107: 87 | B107: Sonnery-Cottet et al., 2026 | C107: HT | D107: 25.2 | E107: 4.6 | F107: 233 | G107: 40 | H107: 63.9
A108: 89 | B108: Tang et al., 2023 | C108: HT | D108: 28.3 | E108: 8.6 | F108: 13 | G108: 3 | H108: 24
A109: 89 | B109: Tang et al., 2023 | C109: QT | D109: 28.1 | E109: 6.2 | F109: 17 | G109: 0 | H109: 24
A110: 90 | B110: Taylor et al., 2009 | C110: BPTB | D110: 21.7 | E110: 4.6 | F110: 25 | G110: 7 | H110: 32.4
A111: 90 | B111: Taylor et al., 2009 | C111: HT | D111: 22.1 | E111: 6.5 | F111: 28 | G111: 4 | H111: 38.4
... A123: 100 | B123: Zaffagnini et al., 2011 | C123: HT | D123: 27 | E123: 9 | F123: 22 | G123: 18 | H123: 103.2
