Workbook

Sheet Sheet1
B1: id | C1: study | D1: subgroup | E1: outcome | F1: ni | G1: TE | H1: seTE
A2: 434 | B2: 1 | C2: Ageberg et al., 2009 | D2: BPTB | E2: tegner | F2: 16 | G2: 4.17 | H2: 1.41 | I2: =H2/(SQRT(F2))*1.96 -> 0.6909 | J2: =G2-I2 -> 3.4791 | K2: =G2+I2 -> 4.8609 | L2: =TEXT(I2,"#0.00") -> 0.69 | M2: =TEXT(J2,"#0.00") -> 3.48 | N2: =TEXT(G2,"#0.00")&" ["&L2&", "&M2&"]" -> 4.17 [0.69, 3.48]
A3: 435 | B3: 1 | C3: Ageberg et al., 2009 | D3: HT | E3: tegner | F3: 20 | G3: 3.15 | H3: 1.34 | I3: =H3/(SQRT(F3))*1.96 -> 0.58728089 | J3: =G3-I3 -> 2.5627191 | K3: =G3+I3 -> 3.7372809 | L3: =TEXT(I3,"#0.00") -> 0.59 | M3: =TEXT(J3,"#0.00") -> 2.56 | N3: =TEXT(G3,"#0.00")&" ["&L3&", "&M3&"]" -> 3.15 [0.59, 2.56]
A4: 0 | B4: 1 | C4: Ageberg et al., 2009 | D4: BPTB vs. HT | E4: tegner | F4: 36 | G4: 0.744 | H4: 0.347 | I4: =H4*1.96 -> 0.68012 | J4: =G4-I4 -> 0.06388 | K4: =G4+I4 -> 1.42412 | L4: =TEXT(I4,"#0.00") -> 0.68 | M4: =TEXT(J4,"#0.00") -> 0.06 | N4: =TEXT(G4,"#0.00")&" ["&L4&", "&M4&"]" -> 0.74 [0.68, 0.06]
A5: 124 | B5: 2 | C5: Aglietti et al., 2004 | D5: BPTB | E5: instrumented_laxity | F5: 60 | G5: 2.2 | H5: 1.08 | I5: =H5/(SQRT(F5))*1.96 -> 0.2732777 | J5: =G5-I5 -> 1.9267223 | K5: =G5+I5 -> 2.4732777 | L5: =TEXT(I5,"#0.00") -> 0.27 | M5: =TEXT(J5,"#0.00") -> 1.93 | N5: =TEXT(G5,"#0.00")&" ["&L5&", "&M5&"]" -> 2.20 [0.27, 1.93]
A6: 125 | B6: 2 | C6: Aglietti et al., 2004 | D6: HT | E6: instrumented_laxity | F6: 60 | G6: 1.95 | H6: 1.3 | I6: =H6/(SQRT(F6))*1.96 -> 0.32894539 | J6: =G6-I6 -> 1.6210546 | K6: =G6+I6 -> 2.2789454 | L6: =TEXT(I6,"#0.00") -> 0.33 | M6: =TEXT(J6,"#0.00") -> 1.62 | N6: =TEXT(G6,"#0.00")&" ["&L6&", "&M6&"]" -> 1.95 [0.33, 1.62]
A7: 0 | B7: 2 | C7: Aglietti et al., 2004 | D7: BPTB vs. HT | E7: instrumented_laxity | F7: 120 | G7: 0.209 | H7: 0.183 | I7: =H7*1.96 -> 0.35868 | J7: =G7-I7 -> -0.14968 | K7: =G7+I7 -> 0.56768 | L7: =TEXT(I7,"#0.00") -> 0.36 | M7: =TEXT(J7,"#0.00") -> -0.15 | N7: =TEXT(G7,"#0.00")&" ["&L7&", "&M7&"]" -> 0.21 [0.36, -0.15]
A8: 234 | B8: 2 | C8: Aglietti et al., 2004 | D8: BPTB | E8: lachman_1 | F8: 60 | G8: 0 | H8: 0.06 | I8: =H8/(SQRT(F8))*1.96 -> 0.015182095 | J8: =G8-I8 -> -0.015182095 | K8: =G8+I8 -> 0.015182095 | L8: =TEXT(I8,"#0.00") -> 0.02 | M8: =TEXT(J8,"#0.00") -> -0.02 | N8: =TEXT(G8,"#0.00")&" ["&L8&", "&M8&"]" -> 0.00 [0.02, -0.02]
A9: 235 | B9: 2 | C9: Aglietti et al., 2004 | D9: HT | E9: lachman_1 | F9: 60 | G9: 0 | H9: 0.06 | I9: =H9/(SQRT(F9))*1.96 -> 0.015182095 | J9: =G9-I9 -> -0.015182095 | K9: =G9+I9 -> 0.015182095 | L9: =TEXT(I9,"#0.00") -> 0.02 | M9: =TEXT(J9,"#0.00") -> -0.02 | N9: =TEXT(G9,"#0.00")&" ["&L9&", "&M9&"]" -> 0.00 [0.02, -0.02]
A10: 0 | B10: 2 | C10: Aglietti et al., 2004 | D10: BPTB vs. HT | E10: lachman_1 | F10: 121 | G10: 1 | H10: 2.008316 | I10: =H10*1.96 -> 3.9362994 | J10: =G10-I10 -> -2.9362994 | K10: =G10+I10 -> 4.9362994 | L10: =TEXT(I10,"#0.00") -> 3.94 | M10: =TEXT(J10,"#0.00") -> -2.94 | N10: =TEXT(G10,"#0.00")&" ["&L10&", "&M10&"]" -> 1.00 [3.94, -2.94]
A11: 492 | B11: 2 | C11: Aglietti et al., 2004 | D11: BPTB | E11: lachman_2 | F11: 60 | G11: 0 | H11: 0.06 | I11: =H11/(SQRT(F11))*1.96 -> 0.015182095 | J11: =G11-I11 -> -0.015182095 | K11: =G11+I11 -> 0.015182095 | L11: =TEXT(I11,"#0.00") -> 0.02 | M11: =TEXT(J11,"#0.00") -> -0.02 | N11: =TEXT(G11,"#0.00")&" ["&L11&", "&M11&"]" -> 0.00 [0.02, -0.02]
A12: 493 | B12: 2 | C12: Aglietti et al., 2004 | D12: HT | E12: lachman_2 | F12: 60 | G12: 0 | H12: 0.06 | I12: =H12/(SQRT(F12))*1.96 -> 0.015182095 | J12: =G12-I12 -> -0.015182095 | K12: =G12+I12 -> 0.015182095 | L12: =TEXT(I12,"#0.00") -> 0.02 | M12: =TEXT(J12,"#0.00") -> -0.02 | N12: =TEXT(G12,"#0.00")&" ["&L12&", "&M12&"]" -> 0.00 [0.02, -0.02]
A13: 0 | B13: 2 | C13: Aglietti et al., 2004 | D13: BPTB vs. HT | E13: lachman_2 | F13: 121 | G13: 1 | H13: 2.008316 | I13: =H13*1.96 -> 3.9362994 | J13: =G13-I13 -> -2.9362994 | K13: =G13+I13 -> 4.9362994 | L13: =TEXT(I13,"#0.00") -> 3.94 | M13: =TEXT(J13,"#0.00") -> -2.94 | N13: =TEXT(G13,"#0.00")&" ["&L13&", "&M13&"]" -> 1.00 [3.94, -2.94]
A14: 370 | B14: 2 | C14: Aglietti et al., 2004 | D14: BPTB | E14: pivot_shift_1 | F14: 60 | G14: 10 | H14: 0.07 | I14: =H14/(SQRT(F14))*1.96 -> 0.017712444 | J14: =G14-I14 -> 9.9822876 | K14: =G14+I14 -> 10.017712 | L14: =TEXT(I14,"#0.00") -> 0.02 | M14: =TEXT(J14,"#0.00") -> 9.98 | N14: =TEXT(G14,"#0.00")&" ["&L14&", "&M14&"]" -> 10.00 [0.02, 9.98]
A15: 371 | B15: 2 | C15: Aglietti et al., 2004 | D15: HT | E15: pivot_shift_1 | F15: 60 | G15: 11 | H15: 0.07 | I15: =H15/(SQRT(F15))*1.96 -> 0.017712444 | J15: =G15-I15 -> 10.982288 | K15: =G15+I15 -> 11.017712 | L15: =TEXT(I15,"#0.00") -> 0.02 | M15: =TEXT(J15,"#0.00") -> 10.98 | N15: =TEXT(G15,"#0.00")&" ["&L15&", "&M15&"]" -> 11.00 [0.02, 10.98]
A16: 0 | B16: 2 | C16: Aglietti et al., 2004 | D16: BPTB vs. HT | E16: pivot_shift_1 | F16: 121 | G16: 0.895 | H16: 0.47180799 | I16: =H16*1.96 -> 0.92474366 | J16: =G16-I16 -> -0.029743662 | K16: =G16+I16 -> 1.8197437 | L16: =TEXT(I16,"#0.00") -> 0.92 | M16: =TEXT(J16,"#0.00") -> -0.03 | N16: =TEXT(G16,"#0.00")&" ["&L16&", "&M16&"]" -> 0.90 [0.92, -0.03]
A17: 548 | B17: 2 | C17: Aglietti et al., 2004 | D17: BPTB | E17: pivot_shift_2 | F17: 60 | G17: 0 | H17: 0.07 | I17: =H17/(SQRT(F17))*1.96 -> 0.017712444 | J17: =G17-I17 -> -0.017712444 | K17: =G17+I17 -> 0.017712444 | L17: =TEXT(I17,"#0.00") -> 0.02 | M17: =TEXT(J17,"#0.00") -> -0.02 | N17: =TEXT(G17,"#0.00")&" ["&L17&", "&M17&"]" -> 0.00 [0.02, -0.02]
A18: 549 | B18: 2 | C18: Aglietti et al., 2004 | D18: HT | E18: pivot_shift_2 | F18: 60 | G18: 0 | H18: 0.07 | I18: =H18/(SQRT(F18))*1.96 -> 0.017712444 | J18: =G18-I18 -> -0.017712444 | K18: =G18+I18 -> 0.017712444 | L18: =TEXT(I18,"#0.00") -> 0.02 | M18: =TEXT(J18,"#0.00") -> -0.02 | N18: =TEXT(G18,"#0.00")&" ["&L18&", "&M18&"]" -> 0.00 [0.02, -0.02]
A19: 0 | B19: 2 | C19: Aglietti et al., 2004 | D19: BPTB vs. HT | E19: pivot_shift_2 | F19: 121 | G19: 1 | H19: 2.008316 | I19: =H19*1.96 -> 3.9362994 | J19: =G19-I19 -> -2.9362994 | K19: =G19+I19 -> 4.9362994 | L19: =TEXT(I19,"#0.00") -> 3.94 | M19: =TEXT(J19,"#0.00") -> -2.94 | N19: =TEXT(G19,"#0.00")&" ["&L19&", "&M19&"]" -> 1.00 [3.94, -2.94]
A20: 126 | B20: 3 | C20: Ahldén et al., 2009 | D20: BPTB | E20: instrumented_laxity | F20: 25 | G20: 2.6 | H20: 3.3 | I20: =H20/(SQRT(F20))*1.96 -> 1.2936 | J20: =G20-I20 -> 1.3064 | K20: =G20+I20 -> 3.8936 | L20: =TEXT(I20,"#0.00") -> 1.29 | M20: =TEXT(J20,"#0.00") -> 1.31 | N20: =TEXT(G20,"#0.00")&" ["&L20&", "&M20&"]" -> 2.60 [1.29, 1.31]
A21: 127 | B21: 3 | C21: Ahldén et al., 2009 | D21: HT | E21: instrumented_laxity | F21: 22 | G21: 1.4 | H21: 2.6 | I21: =H21/(SQRT(F21))*1.96 -> 1.0864709 | J21: =G21-I21 -> 0.31352915 | K21: =G21+I21 -> 2.4864709 | L21: =TEXT(I21,"#0.00") -> 1.09 | M21: =TEXT(J21,"#0.00") -> 0.31 | N21: =TEXT(G21,"#0.00")&" ["&L21&", "&M21&"]" -> 1.40 [1.09, 0.31]
A22: 1 | B22: 3 | C22: Ahldén et al., 2009 | D22: BPTB vs. HT | E22: instrumented_laxity | F22: 47 | G22: 0.401 | H22: 0.295 | I22: =H22*1.96 -> 0.5782 | J22: =G22-I22 -> -0.1772 | K22: =G22+I22 -> 0.9792 | L22: =TEXT(I22,"#0.00") -> 0.58 | M22: =TEXT(J22,"#0.00") -> -0.18 | N22: =TEXT(G22,"#0.00")&" ["&L22&", "&M22&"]" -> 0.40 [0.58, -0.18]
A23: 290 | B23: 3 | C23: Ahldén et al., 2009 | D23: BPTB | E23: lysholm | F23: 25 | G23: 80.7 | H23: 21.64 | I23: =H23/(SQRT(F23))*1.96 -> 8.48288 | J23: =G23-I23 -> 72.21712 | K23: =G23+I23 -> 89.18288 | L23: =TEXT(I23,"#0.00") -> 8.48 | M23: =TEXT(J23,"#0.00") -> 72.22 | N23: =TEXT(G23,"#0.00")&" ["&L23&", "&M23&"]" -> 80.70 [8.48, 72.22]
A24: 291 | B24: 3 | C24: Ahldén et al., 2009 | D24: HT | E24: lysholm | F24: 22 | G24: 79.16 | H24: 13.35 | I24: =H24/(SQRT(F24))*1.96 -> 5.5786099 | J24: =G24-I24 -> 73.58139 | K24: =G24+I24 -> 84.73861 | L24: =TEXT(I24,"#0.00") -> 5.58 | M24: =TEXT(J24,"#0.00") -> 73.58 | N24: =TEXT(G24,"#0.00")&" ["&L24&", "&M24&"]" -> 79.16 [5.58, 73.58]
A25: 0 | B25: 3 | C25: Ahldén et al., 2009 | D25: BPTB vs. HT | E25: lysholm | F25: 47 | G25: 0.084 | H25: 0.292 | I25: =H25*1.96 -> 0.57232 | J25: =G25-I25 -> -0.48832 | K25: =G25+I25 -> 0.65632 | L25: =TEXT(I25,"#0.00") -> 0.57 | M25: =TEXT(J25,"#0.00") -> -0.49 | N25: =TEXT(G25,"#0.00")&" ["&L25&", "&M25&"]" -> 0.08 [0.57, -0.49]
A26: 436 | B26: 3 | C26: Ahldén et al., 2009 | D26: BPTB | E26: tegner | F26: 25 | G26: 4.87 | H26: 2.29 | I26: =H26/(SQRT(F26))*1.96 -> 0.89768 | J26: =G26-I26 -> 3.97232 | K26: =G26+I26 -> 5.76768 | L26: =TEXT(I26,"#0.00") -> 0.90 | M26: =TEXT(J26,"#0.00") -> 3.97 | N26: =TEXT(G26,"#0.00")&" ["&L26&", "&M26&"]" -> 4.87 [0.90, 3.97]
A27: 437 | B27: 3 | C27: Ahldén et al., 2009 | D27: HT | E27: tegner | F27: 22 | G27: 4.86 | H27: 1.31 | I27: =H27/(SQRT(F27))*1.96 -> 0.54741416 | J27: =G27-I27 -> 4.3125858 | K27: =G27+I27 -> 5.4074142 | L27: =TEXT(I27,"#0.00") -> 0.55 | M27: =TEXT(J27,"#0.00") -> 4.31 | N27: =TEXT(G27,"#0.00")&" ["&L27&", "&M27&"]" -> 4.86 [0.55, 4.31]
A28: 1 | B28: 3 | C28: Ahldén et al., 2009 | D28: BPTB vs. HT | E28: tegner | F28: 47 | G28: 0.005 | H28: 0.292 | I28: =H28*1.96 -> 0.57232 | J28: =G28-I28 -> -0.56732 | K28: =G28+I28 -> 0.57732 | L28: =TEXT(I28,"#0.00") -> 0.57 | M28: =TEXT(J28,"#0.00") -> -0.57 | N28: =TEXT(G28,"#0.00")&" ["&L28&", "&M28&"]" -> 0.01 [0.57, -0.57]
A29: 130 | B29: 5 | C29: Anderson et al., 2001 | D29: BPTB | E29: instrumented_laxity | F29: 35 | G29: 2.1 | H29: 2 | I29: =H29/(SQRT(F29))*1.96 -> 0.66260094 | J29: =G29-I29 -> 1.4373991 | K29: =G29+I29 -> 2.7626009 | L29: =TEXT(I29,"#0.00") -> 0.66 | M29: =TEXT(J29,"#0.00") -> 1.44 | N29: =TEXT(G29,"#0.00")&" ["&L29&", "&M29&"]" -> 2.10 [0.66, 1.44]
A30: 131 | B30: 5 | C30: Anderson et al., 2001 | D30: HT | E30: instrumented_laxity | F30: 33 | G30: 3.1 | H30: 2.3 | I30: =H30/(SQRT(F30))*1.96 -> 0.78474207 | J30: =G30-I30 -> 2.3152579 | K30: =G30+I30 -> 3.8847421 | L30: =TEXT(I30,"#0.00") -> 0.78 | M30: =TEXT(J30,"#0.00") -> 2.32 | N30: =TEXT(G30,"#0.00")&" ["&L30&", "&M30&"]" -> 3.10 [0.78, 2.32]
A31: 2 | B31: 5 | C31: Anderson et al., 2001 | D31: BPTB vs. HT | E31: instrumented_laxity | F31: 68 | G31: 0.465 | H31: 0.246 | I31: =H31*1.96 -> 0.48216 | J31: =G31-I31 -> -0.01716 | K31: =G31+I31 -> 0.94716 | L31: =TEXT(I31,"#0.00") -> 0.48 | M31: =TEXT(J31,"#0.00") -> -0.02 | N31: =TEXT(G31,"#0.00")&" ["&L31&", "&M31&"]" -> 0.47 [0.48, -0.02]
A32: 372 | B32: 5 | C32: Anderson et al., 2001 | D32: BPTB | E32: pivot_shift_1 | F32: 35 | G32: 18 | H32: 1.59 | I32: =H32/(SQRT(F32))*1.96 -> 0.52676774 | J32: =G32-I32 -> 17.473232 | K32: =G32+I32 -> 18.526768 | L32: =TEXT(I32,"#0.00") -> 0.53 | M32: =TEXT(J32,"#0.00") -> 17.47 | N32: =TEXT(G32,"#0.00")&" ["&L32&", "&M32&"]" -> 18.00 [0.53, 17.47]
A33: 373 | B33: 5 | C33: Anderson et al., 2001 | D33: HT | E33: pivot_shift_1 | F33: 33 | G33: 36 | H33: 1.95 | I33: =H33/(SQRT(F33))*1.96 -> 0.6653248 | J33: =G33-I33 -> 35.334675 | K33: =G33+I33 -> 36.665325 | L33: =TEXT(I33,"#0.00") -> 0.67 | M33: =TEXT(J33,"#0.00") -> 35.33 | N33: =TEXT(G33,"#0.00")&" ["&L33&", "&M33&"]" -> 36.00 [0.67, 35.33]
A34: 1 | B34: 5 | C34: Anderson et al., 2001 | D34: BPTB vs. HT | E34: pivot_shift_1 | F34: 69 | G34: -0.089 | I34: =H34*1.96 -> 0 | J34: =G34-I34 -> -0.089 | K34: =G34+I34 -> -0.089 | L34: =TEXT(I34,"#0.00") -> 0.00 | M34: =TEXT(J34,"#0.00") -> -0.09 | N34: =TEXT(G34,"#0.00")&" ["&L34&", "&M34&"]" -> -0.09 [0.00, -0.09]
A35: 550 | B35: 5 | C35: Anderson et al., 2001 | D35: BPTB | E35: pivot_shift_2 | F35: 35 | G35: 15 | H35: 1.59 | I35: =H35/(SQRT(F35))*1.96 -> 0.52676774 | J35: =G35-I35 -> 14.473232 | K35: =G35+I35 -> 15.526768 | L35: =TEXT(I35,"#0.00") -> 0.53 | M35: =TEXT(J35,"#0.00") -> 14.47 | N35: =TEXT(G35,"#0.00")&" ["&L35&", "&M35&"]" -> 15.00 [0.53, 14.47]
A36: 551 | B36: 5 | C36: Anderson et al., 2001 | D36: HT | E36: pivot_shift_2 | F36: 33 | G36: 27 | H36: 1.95 | I36: =H36/(SQRT(F36))*1.96 -> 0.6653248 | J36: =G36-I36 -> 26.334675 | K36: =G36+I36 -> 27.665325 | L36: =TEXT(I36,"#0.00") -> 0.67 | M36: =TEXT(J36,"#0.00") -> 26.33 | N36: =TEXT(G36,"#0.00")&" ["&L36&", "&M36&"]" -> 27.00 [0.67, 26.33]
A37: 1 | B37: 5 | C37: Anderson et al., 2001 | D37: BPTB vs. HT | E37: pivot_shift_2 | F37: 69 | G37: 0.169 | H37: 0.56351258 | I37: =H37*1.96 -> 1.1044847 | J37: =G37-I37 -> -0.93548466 | K37: =G37+I37 -> 1.2734847 | L37: =TEXT(I37,"#0.00") -> 1.10 | M37: =TEXT(J37,"#0.00") -> -0.94 | N37: =TEXT(G37,"#0.00")&" ["&L37&", "&M37&"]" -> 0.17 [1.10, -0.94]
A38: 0 | B38: 6 | C38: Anz et al., 2023 | D38: BPTB | E38: graft_failure | F38: 8 | G38: 0 | H38: 0.18 | I38: =H38/(SQRT(F38))*1.96 -> 0.12473364 | J38: =G38-I38 -> -0.12473364 | K38: =G38+I38 -> 0.12473364 | L38: =TEXT(I38,"#0.00") -> 0.12 | M38: =TEXT(J38,"#0.00") -> -0.12 | N38: =TEXT(G38,"#0.00")&" ["&L38&", "&M38&"]" -> 0.00 [0.12, -0.12]
A39: 1 | B39: 6 | C39: Anz et al., 2023 | D39: HT | E39: graft_failure | F39: 8 | G39: 0 | H39: 0.18 | I39: =H39/(SQRT(F39))*1.96 -> 0.12473364 | J39: =G39-I39 -> -0.12473364 | K39: =G39+I39 -> 0.12473364 | L39: =TEXT(I39,"#0.00") -> 0.12 | M39: =TEXT(J39,"#0.00") -> -0.12 | N39: =TEXT(G39,"#0.00")&" ["&L39&", "&M39&"]" -> 0.00 [0.12, -0.12]
A40: 0 | B40: 6 | C40: Anz et al., 2023 | D40: BPTB vs. HT | E40: graft_failure | F40: 17 | G40: 1 | H40: 2.0615528 | I40: =H40*1.96 -> 4.0406435 | J40: =G40-I40 -> -3.0406435 | K40: =G40+I40 -> 5.0406435 | L40: =TEXT(I40,"#0.00") -> 4.04 | M40: =TEXT(J40,"#0.00") -> -3.04 | N40: =TEXT(G40,"#0.00")&" ["&L40&", "&M40&"]" -> 1.00 [4.04, -3.04]
A41: 132 | B41: 7 | C41: Aune et al., 2001 | D41: BPTB | E41: instrumented_laxity | F41: 32 | G41: 3.3 | H41: 2.6 | I41: =H41/(SQRT(F41))*1.96 -> 0.90085404 | J41: =G41-I41 -> 2.399146 | K41: =G41+I41 -> 4.200854 | L41: =TEXT(I41,"#0.00") -> 0.90 | M41: =TEXT(J41,"#0.00") -> 2.40 | N41: =TEXT(G41,"#0.00")&" ["&L41&", "&M41&"]" -> 3.30 [0.90, 2.40]
A42: 133 | B42: 7 | C42: Aune et al., 2001 | D42: HT | E42: instrumented_laxity | F42: 29 | G42: 2.9 | H42: 2.4 | I42: =H42/(SQRT(F42))*1.96 -> 0.87351087 | J42: =G42-I42 -> 2.0264891 | K42: =G42+I42 -> 3.7735109 | L42: =TEXT(I42,"#0.00") -> 0.87 | M42: =TEXT(J42,"#0.00") -> 2.03 | N42: =TEXT(G42,"#0.00")&" ["&L42&", "&M42&"]" -> 2.90 [0.87, 2.03]
A43: 3 | B43: 7 | C43: Aune et al., 2001 | D43: BPTB vs. HT | E43: instrumented_laxity | F43: 61 | G43: 0.16 | H43: 0.257 | I43: =H43*1.96 -> 0.50372 | J43: =G43-I43 -> -0.34372 | K43: =G43+I43 -> 0.66372 | L43: =TEXT(I43,"#0.00") -> 0.50 | M43: =TEXT(J43,"#0.00") -> -0.34 | N43: =TEXT(G43,"#0.00")&" ["&L43&", "&M43&"]" -> 0.16 [0.50, -0.34]
A44: 292 | B44: 9 | C44: Barenius et al., 2010 | D44: BPTB | E44: lysholm | F44: 78 | G44: 85.82 | H44: 11.83 | I44: =H44/(SQRT(F44))*1.96 -> 2.6253881 | J44: =G44-I44 -> 83.194612 | K44: =G44+I44 -> 88.445388 | L44: =TEXT(I44,"#0.00") -> 2.63 | M44: =TEXT(J44,"#0.00") -> 83.19 | N44: =TEXT(G44,"#0.00")&" ["&L44&", "&M44&"]" -> 85.82 [2.63, 83.19]
A45: 293 | B45: 9 | C45: Barenius et al., 2010 | D45: HT | E45: lysholm | F45: 75 | G45: 86.42 | H45: 12.53 | I45: =H45/(SQRT(F45))*1.96 -> 2.835806 | J45: =G45-I45 -> 83.584194 | K45: =G45+I45 -> 89.255806 | L45: =TEXT(I45,"#0.00") -> 2.84 | M45: =TEXT(J45,"#0.00") -> 83.58 | N45: =TEXT(G45,"#0.00")&" ["&L45&", "&M45&"]" -> 86.42 [2.84, 83.58]
A46: 1 | B46: 9 | C46: Barenius et al., 2010 | D46: BPTB vs. HT | E46: lysholm | F46: 153 | G46: 0.049 | H46: 0.162 | I46: =H46*1.96 -> 0.31752 | J46: =G46-I46 -> -0.26852 | K46: =G46+I46 -> 0.36652 | L46: =TEXT(I46,"#0.00") -> 0.32 | M46: =TEXT(J46,"#0.00") -> -0.27 | N46: =TEXT(G46,"#0.00")&" ["&L46&", "&M46&"]" -> 0.05 [0.32, -0.27]
A47: 438 | B47: 9 | C47: Barenius et al., 2010 | D47: BPTB | E47: tegner | F47: 78 | G47: 5.8 | H47: 1.87 | I47: =H47/(SQRT(F47))*1.96 -> 0.41500218 | J47: =G47-I47 -> 5.3849978 | K47: =G47+I47 -> 6.2150022 | L47: =TEXT(I47,"#0.00") -> 0.42 | M47: =TEXT(J47,"#0.00") -> 5.38 | N47: =TEXT(G47,"#0.00")&" ["&L47&", "&M47&"]" -> 5.80 [0.42, 5.38]
A48: 439 | B48: 9 | C48: Barenius et al., 2010 | D48: HT | E48: tegner | F48: 75 | G48: 4.07 | H48: 1.88 | I48: =H48/(SQRT(F48))*1.96 -> 0.42548405 | J48: =G48-I48 -> 3.6445159 | K48: =G48+I48 -> 4.4954841 | L48: =TEXT(I48,"#0.00") -> 0.43 | M48: =TEXT(J48,"#0.00") -> 3.64 | N48: =TEXT(G48,"#0.00")&" ["&L48&", "&M48&"]" -> 4.07 [0.43, 3.64]
A49: 2 | B49: 9 | C49: Barenius et al., 2010 | D49: BPTB vs. HT | E49: tegner | F49: 153 | G49: 0.923 | H49: 0.17 | I49: =H49*1.96 -> 0.3332 | J49: =G49-I49 -> 0.5898 | K49: =G49+I49 -> 1.2562 | L49: =TEXT(I49,"#0.00") -> 0.33 | M49: =TEXT(J49,"#0.00") -> 0.59 | N49: =TEXT(G49,"#0.00")&" ["&L49&", "&M49&"]" -> 0.92 [0.33, 0.59]
A50: 72 | B50: 10 | C50: Barié et al., 2020 | D50: BPTB | E50: ikdc_subjective | F50: 43 | G50: 91 | H50: 7.3 | I50: =H50/(SQRT(F50))*1.96 -> 2.1819495 | J50: =G50-I50 -> 88.81805 | K50: =G50+I50 -> 93.18195 | L50: =TEXT(I50,"#0.00") -> 2.18 | M50: =TEXT(J50,"#0.00") -> 88.82 | N50: =TEXT(G50,"#0.00")&" ["&L50&", "&M50&"]" -> 91.00 [2.18, 88.82]
A51: 73 | B51: 10 | C51: Barié et al., 2020 | D51: QT | E51: ikdc_subjective | F51: 43 | G51: 92 | H51: 11.5 | I51: =H51/(SQRT(F51))*1.96 -> 3.4373178 | J51: =G51-I51 -> 88.562682 | K51: =G51+I51 -> 95.437318 | L51: =TEXT(I51,"#0.00") -> 3.44 | M51: =TEXT(J51,"#0.00") -> 88.56 | N51: =TEXT(G51,"#0.00")&" ["&L51&", "&M51&"]" -> 92.00 [3.44, 88.56]
A52: 0 | B52: 10 | C52: Barié et al., 2020 | D52: BPTB vs. QT | E52: ikdc_subjective | F52: 86 | G52: 0.104 | H52: 0.216 | I52: =H52*1.96 -> 0.42336 | J52: =G52-I52 -> -0.31936 | K52: =G52+I52 -> 0.52736 | L52: =TEXT(I52,"#0.00") -> 0.42 | M52: =TEXT(J52,"#0.00") -> -0.32 | N52: =TEXT(G52,"#0.00")&" ["&L52&", "&M52&"]" -> 0.10 [0.42, -0.32]
A53: 136 | B53: 10 | C53: Barié et al., 2020 | D53: BPTB | E53: instrumented_laxity | F53: 43 | G53: 1.05 | H53: 1.36 | I53: =H53/(SQRT(F53))*1.96 -> 0.40650019 | J53: =G53-I53 -> 0.64349981 | K53: =G53+I53 -> 1.4565002 | L53: =TEXT(I53,"#0.00") -> 0.41 | M53: =TEXT(J53,"#0.00") -> 0.64 | N53: =TEXT(G53,"#0.00")&" ["&L53&", "&M53&"]" -> 1.05 [0.41, 0.64]
A54: 137 | B54: 10 | C54: Barié et al., 2020 | D54: QT | E54: instrumented_laxity | F54: 43 | G54: 1 | H54: 1.1 | I54: =H54/(SQRT(F54))*1.96 -> 0.32878692 | J54: =G54-I54 -> 0.67121308 | K54: =G54+I54 -> 1.3287869 | L54: =TEXT(I54,"#0.00") -> 0.33 | M54: =TEXT(J54,"#0.00") -> 0.67 | N54: =TEXT(G54,"#0.00")&" ["&L54&", "&M54&"]" -> 1.00 [0.33, 0.67]
A55: 4 | B55: 10 | C55: Barié et al., 2020 | D55: BPTB vs. QT | E55: instrumented_laxity | F55: 86 | G55: 0.04 | H55: 0.216 | I55: =H55*1.96 -> 0.42336 | J55: =G55-I55 -> -0.38336 | K55: =G55+I55 -> 0.46336 | L55: =TEXT(I55,"#0.00") -> 0.42 | M55: =TEXT(J55,"#0.00") -> -0.38 | N55: =TEXT(G55,"#0.00")&" ["&L55&", "&M55&"]" -> 0.04 [0.42, -0.38]
A56: 294 | B56: 10 | C56: Barié et al., 2020 | D56: BPTB | E56: lysholm | F56: 43 | G56: 95.2 | H56: 6.6 | I56: =H56/(SQRT(F56))*1.96 -> 1.9727215 | J56: =G56-I56 -> 93.227278 | K56: =G56+I56 -> 97.172722 | L56: =TEXT(I56,"#0.00") -> 1.97 | M56: =TEXT(J56,"#0.00") -> 93.23 | N56: =TEXT(G56,"#0.00")&" ["&L56&", "&M56&"]" -> 95.20 [1.97, 93.23]
A57: 295 | B57: 10 | C57: Barié et al., 2020 | D57: QT | E57: lysholm | F57: 43 | G57: 95.6 | H57: 7.8 | I57: =H57/(SQRT(F57))*1.96 -> 2.3313981 | J57: =G57-I57 -> 93.268602 | K57: =G57+I57 -> 97.931398 | L57: =TEXT(I57,"#0.00") -> 2.33 | M57: =TEXT(J57,"#0.00") -> 93.27 | N57: =TEXT(G57,"#0.00")&" ["&L57&", "&M57&"]" -> 95.60 [2.33, 93.27]
A58: 2 | B58: 10 | C58: Barié et al., 2020 | D58: BPTB vs. QT | E58: lysholm | F58: 86 | G58: 0.055 | H58: 0.216 | I58: =H58*1.96 -> 0.42336 | J58: =G58-I58 -> -0.36836 | K58: =G58+I58 -> 0.47836 | L58: =TEXT(I58,"#0.00") -> 0.42 | M58: =TEXT(J58,"#0.00") -> -0.37 | N58: =TEXT(G58,"#0.00")&" ["&L58&", "&M58&"]" -> 0.06 [0.42, -0.37]
A59: 440 | B59: 10 | C59: Barié et al., 2020 | D59: BPTB | E59: tegner | F59: 43 | G59: 6.1 | H59: 1.14 | I59: =H59/(SQRT(F59))*1.96 -> 0.34074281 | J59: =G59-I59 -> 5.7592572 | K59: =G59+I59 -> 6.4407428 | L59: =TEXT(I59,"#0.00") -> 0.34 | M59: =TEXT(J59,"#0.00") -> 5.76 | N59: =TEXT(G59,"#0.00")&" ["&L59&", "&M59&"]" -> 6.10 [0.34, 5.76]
A60: 441 | B60: 10 | C60: Barié et al., 2020 | D60: QT | E60: tegner | F60: 43 | G60: 6.1 | H60: 1.14 | I60: =H60/(SQRT(F60))*1.96 -> 0.34074281 | J60: =G60-I60 -> 5.7592572 | K60: =G60+I60 -> 6.4407428 | L60: =TEXT(I60,"#0.00") -> 0.34 | M60: =TEXT(J60,"#0.00") -> 5.76 | N60: =TEXT(G60,"#0.00")&" ["&L60&", "&M60&"]" -> 6.10 [0.34, 5.76]
A61: 3 | B61: 10 | C61: Barié et al., 2020 | D61: BPTB vs. QT | E61: tegner | F61: 86 | G61: 0 | H61: 0.216 | I61: =H61*1.96 -> 0.42336 | J61: =G61-I61 -> -0.42336 | K61: =G61+I61 -> 0.42336 | L61: =TEXT(I61,"#0.00") -> 0.42 | M61: =TEXT(J61,"#0.00") -> -0.42 | N61: =TEXT(G61,"#0.00")&" ["&L61&", "&M61&"]" -> 0.00 [0.42, -0.42]
A62: 238 | B62: 11 | C62: Beynnon et al., 2002 | D62: BPTB | E62: lachman_1 | F62: 22 | G62: 13 | H62: 0.59 | I62: =H62/(SQRT(F62))*1.96 -> 0.24654531 | J62: =G62-I62 -> 12.753455 | K62: =G62+I62 -> 13.246545 | L62: =TEXT(I62,"#0.00") -> 0.25 | M62: =TEXT(J62,"#0.00") -> 12.75 | N62: =TEXT(G62,"#0.00")&" ["&L62&", "&M62&"]" -> 13.00 [0.25, 12.75]
A63: 239 | B63: 11 | C63: Beynnon et al., 2002 | D63: HT | E63: lachman_1 | F63: 22 | G63: 20 | H63: 7.04 | I63: =H63/(SQRT(F63))*1.96 -> 2.9418288 | J63: =G63-I63 -> 17.058171 | K63: =G63+I63 -> 22.941829 | L63: =TEXT(I63,"#0.00") -> 2.94 | M63: =TEXT(J63,"#0.00") -> 17.06 | N63: =TEXT(G63,"#0.00")&" ["&L63&", "&M63&"]" -> 20.00 [2.94, 17.06]
A64: 1 | B64: 11 | C64: Beynnon et al., 2002 | D64: BPTB vs. HT | E64: lachman_1 | F64: 45 | G64: 0.146 | H64: 0.85671797 | I64: =H64*1.96 -> 1.6791672 | J64: =G64-I64 -> -1.5331672 | K64: =G64+I64 -> 1.8251672 | L64: =TEXT(I64,"#0.00") -> 1.68 | M64: =TEXT(J64,"#0.00") -> -1.53 | N64: =TEXT(G64,"#0.00")&" ["&L64&", "&M64&"]" -> 0.15 [1.68, -1.53]
A65: 496 | B65: 11 | C65: Beynnon et al., 2002 | D65: BPTB | E65: lachman_2 | F65: 22 | G65: 13 | H65: 0.59 | I65: =H65/(SQRT(F65))*1.96 -> 0.24654531 | J65: =G65-I65 -> 12.753455 | K65: =G65+I65 -> 13.246545 | L65: =TEXT(I65,"#0.00") -> 0.25 | M65: =TEXT(J65,"#0.00") -> 12.75 | N65: =TEXT(G65,"#0.00")&" ["&L65&", "&M65&"]" -> 13.00 [0.25, 12.75]
A66: 497 | B66: 11 | C66: Beynnon et al., 2002 | D66: HT | E66: lachman_2 | F66: 22 | G66: 7 | H66: 7.04 | I66: =H66/(SQRT(F66))*1.96 -> 2.9418288 | J66: =G66-I66 -> 4.0581712 | K66: =G66+I66 -> 9.9418288 | L66: =TEXT(I66,"#0.00") -> 2.94 | M66: =TEXT(J66,"#0.00") -> 4.06 | N66: =TEXT(G66,"#0.00")&" ["&L66&", "&M66&"]" -> 7.00 [2.94, 4.06]
A67: 1 | B67: 11 | C67: Beynnon et al., 2002 | D67: BPTB vs. HT | E67: lachman_2 | F67: 45 | G67: 3 | H67: 0.62063289 | I67: =H67*1.96 -> 1.2164405 | J67: =G67-I67 -> 1.7835595 | K67: =G67+I67 -> 4.2164405 | L67: =TEXT(I67,"#0.00") -> 1.22 | M67: =TEXT(J67,"#0.00") -> 1.78 | N67: =TEXT(G67,"#0.00")&" ["&L67&", "&M67&"]" -> 3.00 [1.22, 1.78]
A68: 376 | B68: 11 | C68: Beynnon et al., 2002 | D68: BPTB | E68: pivot_shift_1 | F68: 22 | G68: 3 | H68: 0.11 | I68: =H68/(SQRT(F68))*1.96 -> 0.045966074 | J68: =G68-I68 -> 2.9540339 | K68: =G68+I68 -> 3.0459661 | L68: =TEXT(I68,"#0.00") -> 0.05 | M68: =TEXT(J68,"#0.00") -> 2.95 | N68: =TEXT(G68,"#0.00")&" ["&L68&", "&M68&"]" -> 3.00 [0.05, 2.95]
A69: 377 | B69: 11 | C69: Beynnon et al., 2002 | D69: HT | E69: pivot_shift_1 | F69: 22 | G69: 9 | H69: 1.91 | I69: =H69/(SQRT(F69))*1.96 -> 0.7981382 | J69: =G69-I69 -> 8.2018618 | K69: =G69+I69 -> 9.7981382 | L69: =TEXT(I69,"#0.00") -> 0.80 | M69: =TEXT(J69,"#0.00") -> 8.20 | N69: =TEXT(G69,"#0.00")&" ["&L69&", "&M69&"]" -> 9.00 [0.80, 8.20]
A70: 2 | B70: 11 | C70: Beynnon et al., 2002 | D70: BPTB vs. HT | E70: pivot_shift_1 | F70: 45 | G70: 0.252 | H70: 0.72147911 | I70: =H70*1.96 -> 1.414099 | J70: =G70-I70 -> -1.162099 | K70: =G70+I70 -> 1.666099 | L70: =TEXT(I70,"#0.00") -> 1.41 | M70: =TEXT(J70,"#0.00") -> -1.16 | N70: =TEXT(G70,"#0.00")&" ["&L70&", "&M70&"]" -> 0.25 [1.41, -1.16]
A71: 554 | B71: 11 | C71: Beynnon et al., 2002 | D71: BPTB | E71: pivot_shift_2 | F71: 22 | G71: 6 | H71: 0.11 | I71: =H71/(SQRT(F71))*1.96 -> 0.045966074 | J71: =G71-I71 -> 5.9540339 | K71: =G71+I71 -> 6.0459661 | L71: =TEXT(I71,"#0.00") -> 0.05 | M71: =TEXT(J71,"#0.00") -> 5.95 | N71: =TEXT(G71,"#0.00")&" ["&L71&", "&M71&"]" -> 6.00 [0.05, 5.95]
A72: 555 | B72: 11 | C72: Beynnon et al., 2002 | D72: HT | E72: pivot_shift_2 | F72: 22 | G72: 1 | H72: 1.91 | I72: =H72/(SQRT(F72))*1.96 -> 0.7981382 | J72: =G72-I72 -> 0.2018618 | K72: =G72+I72 -> 1.7981382 | L72: =TEXT(I72,"#0.00") -> 0.80 | M72: =TEXT(J72,"#0.00") -> 0.20 | N72: =TEXT(G72,"#0.00")&" ["&L72&", "&M72&"]" -> 1.00 [0.80, 0.20]
A73: 2 | B73: 11 | C73: Beynnon et al., 2002 | D73: BPTB vs. HT | E73: pivot_shift_2 | F73: 45 | G73: 5.688 | H73: 0.96469263 | I73: =H73*1.96 -> 1.8907976 | J73: =G73-I73 -> 3.7972024 | K73: =G73+I73 -> 7.5787976 | L73: =TEXT(I73,"#0.00") -> 1.89 | M73: =TEXT(J73,"#0.00") -> 3.80 | N73: =TEXT(G73,"#0.00")&" ["&L73&", "&M73&"]" -> 5.69 [1.89, 3.80]
A74: 74 | B74: 12 | C74: Bi et al., 2018 | D74: HT | E74: ikdc_subjective | F74: 62 | G74: 90.4 | H74: 7.1 | I74: =H74/(SQRT(F74))*1.96 -> 1.7673338 | J74: =G74-I74 -> 88.632666 | K74: =G74+I74 -> 92.167334 | L74: =TEXT(I74,"#0.00") -> 1.77 | M74: =TEXT(J74,"#0.00") -> 88.63 | N74: =TEXT(G74,"#0.00")&" ["&L74&", "&M74&"]" -> 90.40 [1.77, 88.63]
A75: 75 | B75: 12 | C75: Bi et al., 2018 | D75: PLT | E75: ikdc_subjective | F75: 62 | G75: 89.3 | H75: 8.4 | I75: =H75/(SQRT(F75))*1.96 -> 2.0909301 | J75: =G75-I75 -> 87.20907 | K75: =G75+I75 -> 91.39093 | L75: =TEXT(I75,"#0.00") -> 2.09 | M75: =TEXT(J75,"#0.00") -> 87.21 | N75: =TEXT(G75,"#0.00")&" ["&L75&", "&M75&"]" -> 89.30 [2.09, 87.21]
A76: 1 | B76: 12 | C76: Bi et al., 2018 | D76: HT vs. PLT | E76: ikdc_subjective | F76: 124 | G76: 0.141 | H76: 0.18 | I76: =H76*1.96 -> 0.3528 | J76: =G76-I76 -> -0.2118 | K76: =G76+I76 -> 0.4938 | L76: =TEXT(I76,"#0.00") -> 0.35 | M76: =TEXT(J76,"#0.00") -> -0.21 | N76: =TEXT(G76,"#0.00")&" ["&L76&", "&M76&"]" -> 0.14 [0.35, -0.21]
A77: 140 | B77: 12 | C77: Bi et al., 2018 | D77: HT | E77: instrumented_laxity | F77: 62 | G77: 1.71 | H77: 0.57 | I77: =H77/(SQRT(F77))*1.96 -> 0.14188454 | J77: =G77-I77 -> 1.5681155 | K77: =G77+I77 -> 1.8518845 | L77: =TEXT(I77,"#0.00") -> 0.14 | M77: =TEXT(J77,"#0.00") -> 1.57 | N77: =TEXT(G77,"#0.00")&" ["&L77&", "&M77&"]" -> 1.71 [0.14, 1.57]
A78: 141 | B78: 12 | C78: Bi et al., 2018 | D78: PLT | E78: instrumented_laxity | F78: 62 | G78: 1.85 | H78: 0.77 | I78: =H78/(SQRT(F78))*1.96 -> 0.19166859 | J78: =G78-I78 -> 1.6583314 | K78: =G78+I78 -> 2.0416686 | L78: =TEXT(I78,"#0.00") -> 0.19 | M78: =TEXT(J78,"#0.00") -> 1.66 | N78: =TEXT(G78,"#0.00")&" ["&L78&", "&M78&"]" -> 1.85 [0.19, 1.66]
A79: 5 | B79: 12 | C79: Bi et al., 2018 | D79: HT vs. PLT | E79: instrumented_laxity | F79: 124 | G79: 0.207 | H79: 0.18 | I79: =H79*1.96 -> 0.3528 | J79: =G79-I79 -> -0.1458 | K79: =G79+I79 -> 0.5598 | L79: =TEXT(I79,"#0.00") -> 0.35 | M79: =TEXT(J79,"#0.00") -> -0.15 | N79: =TEXT(G79,"#0.00")&" ["&L79&", "&M79&"]" -> 0.21 [0.35, -0.15]
A80: 378 | B80: 12 | C80: Bi et al., 2018 | D80: HT | E80: pivot_shift_1 | F80: 62 | G80: 4 | H80: 0.06 | I80: =H80/(SQRT(F80))*1.96 -> 0.014935215 | J80: =G80-I80 -> 3.9850648 | K80: =G80+I80 -> 4.0149352 | L80: =TEXT(I80,"#0.00") -> 0.01 | M80: =TEXT(J80,"#0.00") -> 3.99 | N80: =TEXT(G80,"#0.00")&" ["&L80&", "&M80&"]" -> 4.00 [0.01, 3.99]
A81: 379 | B81: 12 | C81: Bi et al., 2018 | D81: PLT | E81: pivot_shift_1 | F81: 62 | G81: 5 | H81: 0.06 | I81: =H81/(SQRT(F81))*1.96 -> 0.014935215 | J81: =G81-I81 -> 4.9850648 | K81: =G81+I81 -> 5.0149352 | L81: =TEXT(I81,"#0.00") -> 0.01 | M81: =TEXT(J81,"#0.00") -> 4.99 | N81: =TEXT(G81,"#0.00")&" ["&L81&", "&M81&"]" -> 5.00 [0.01, 4.99]
A82: 3 | B82: 12 | C82: Bi et al., 2018 | D82: HT vs. PLT | E82: pivot_shift_1 | F82: 125 | G82: 0.804 | H82: 0.66243916 | I82: =H82*1.96 -> 1.2983808 | J82: =G82-I82 -> -0.49438076 | K82: =G82+I82 -> 2.1023808 | L82: =TEXT(I82,"#0.00") -> 1.30 | M82: =TEXT(J82,"#0.00") -> -0.49 | N82: =TEXT(G82,"#0.00")&" ["&L82&", "&M82&"]" -> 0.80 [1.30, -0.49]
A83: 556 | B83: 12 | C83: Bi et al., 2018 | D83: HT | E83: pivot_shift_2 | F83: 62 | G83: 1 | H83: 0.06 | I83: =H83/(SQRT(F83))*1.96 -> 0.014935215 | J83: =G83-I83 -> 0.98506479 | K83: =G83+I83 -> 1.0149352 | L83: =TEXT(I83,"#0.00") -> 0.01 | M83: =TEXT(J83,"#0.00") -> 0.99 | N83: =TEXT(G83,"#0.00")&" ["&L83&", "&M83&"]" -> 1.00 [0.01, 0.99]
A84: 557 | B84: 12 | C84: Bi et al., 2018 | D84: PLT | E84: pivot_shift_2 | F84: 62 | G84: 0 | H84: 0.06 | I84: =H84/(SQRT(F84))*1.96 -> 0.014935215 | J84: =G84-I84 -> -0.014935215 | K84: =G84+I84 -> 0.014935215 | L84: =TEXT(I84,"#0.00") -> 0.01 | M84: =TEXT(J84,"#0.00") -> -0.01 | N84: =TEXT(G84,"#0.00")&" ["&L84&", "&M84&"]" -> 0.00 [0.01, -0.01]
A85: 3 | B85: 12 | C85: Bi et al., 2018 | D85: HT vs. PLT | E85: pivot_shift_2 | F85: 125 | G85: 3.049 | H85: 1.6429209 | I85: =H85*1.96 -> 3.220125 | J85: =G85-I85 -> -0.171125 | K85: =G85+I85 -> 6.269125 | L85: =TEXT(I85,"#0.00") -> 3.22 | M85: =TEXT(J85,"#0.00") -> -0.17 | N85: =TEXT(G85,"#0.00")&" ["&L85&", "&M85&"]" -> 3.05 [3.22, -0.17]
A86: 76 | B86: 13 | C86: Björnsson et al., 2016 | D86: BPTB | E86: ikdc_subjective | F86: 61 | G86: 67.3 | H86: 20.8 | I86: =H86/(SQRT(F86))*1.96 -> 5.2198075 | J86: =G86-I86 -> 62.080192 | K86: =G86+I86 -> 72.519808 | L86: =TEXT(I86,"#0.00") -> 5.22 | M86: =TEXT(J86,"#0.00") -> 62.08 | N86: =TEXT(G86,"#0.00")&" ["&L86&", "&M86&"]" -> 67.30 [5.22, 62.08]
A87: 77 | B87: 13 | C87: Björnsson et al., 2016 | D87: HT | E87: ikdc_subjective | F87: 86 | G87: 74 | H87: 18.8 | I87: =H87/(SQRT(F87))*1.96 -> 3.973422 | J87: =G87-I87 -> 70.026578 | K87: =G87+I87 -> 77.973422 | L87: =TEXT(I87,"#0.00") -> 3.97 | M87: =TEXT(J87,"#0.00") -> 70.03 | N87: =TEXT(G87,"#0.00")&" ["&L87&", "&M87&"]" -> 74.00 [3.97, 70.03]
A88: 2 | B88: 13 | C88: Björnsson et al., 2016 | D88: BPTB vs. HT | E88: ikdc_subjective | F88: 147 | G88: 0.341 | H88: 0.169 | I88: =H88*1.96 -> 0.33124 | J88: =G88-I88 -> 0.00976 | K88: =G88+I88 -> 0.67224 | L88: =TEXT(I88,"#0.00") -> 0.33 | M88: =TEXT(J88,"#0.00") -> 0.01 | N88: =TEXT(G88,"#0.00")&" ["&L88&", "&M88&"]" -> 0.34 [0.33, 0.01]
A89: 240 | B89: 13 | C89: Björnsson et al., 2016 | D89: BPTB | E89: lachman_1 | F89: 61 | G89: 31 | H89: 1.09 | I89: =H89/(SQRT(F89))*1.96 -> 0.27353799 | J89: =G89-I89 -> 30.726462 | K89: =G89+I89 -> 31.273538 | L89: =TEXT(I89,"#0.00") -> 0.27 | M89: =TEXT(J89,"#0.00") -> 30.73 | N89: =TEXT(G89,"#0.00")&" ["&L89&", "&M89&"]" -> 31.00 [0.27, 30.73]
A90: 241 | B90: 13 | C90: Björnsson et al., 2016 | D90: HT | E90: lachman_1 | F90: 86 | G90: 68 | H90: 2.88 | I90: =H90/(SQRT(F90))*1.96 -> 0.60869444 | J90: =G90-I90 -> 67.391306 | K90: =G90+I90 -> 68.608694 | L90: =TEXT(I90,"#0.00") -> 0.61 | M90: =TEXT(J90,"#0.00") -> 67.39 | N90: =TEXT(G90,"#0.00")&" ["&L90&", "&M90&"]" -> 68.00 [0.61, 67.39]
A91: 2 | B91: 13 | C91: Björnsson et al., 2016 | D91: BPTB vs. HT | E91: lachman_1 | F91: 148 | G91: 0.276 | H91: 0.36774102 | I91: =H91*1.96 -> 0.72077241 | J91: =G91-I91 -> -0.44477241 | K91: =G91+I91 -> 0.99677241 | L91: =TEXT(I91,"#0.00") -> 0.72 | M91: =TEXT(J91,"#0.00") -> -0.44 | N91: =TEXT(G91,"#0.00")&" ["&L91&", "&M91&"]" -> 0.28 [0.72, -0.44]
A92: 498 | B92: 13 | C92: Björnsson et al., 2016 | D92: BPTB | E92: lachman_2 | F92: 61 | G92: 7 | H92: 1.09 | I92: =H92/(SQRT(F92))*1.96 -> 0.27353799 | J92: =G92-I92 -> 6.726462 | K92: =G92+I92 -> 7.273538 | L92: =TEXT(I92,"#0.00") -> 0.27 | M92: =TEXT(J92,"#0.00") -> 6.73 | N92: =TEXT(G92,"#0.00")&" ["&L92&", "&M92&"]" -> 7.00 [0.27, 6.73]
A93: 499 | B93: 13 | C93: Björnsson et al., 2016 | D93: HT | E93: lachman_2 | F93: 86 | G93: 21 | H93: 2.88 | I93: =H93/(SQRT(F93))*1.96 -> 0.60869444 | J93: =G93-I93 -> 20.391306 | K93: =G93+I93 -> 21.608694 | L93: =TEXT(I93,"#0.00") -> 0.61 | M93: =TEXT(J93,"#0.00") -> 20.39 | N93: =TEXT(G93,"#0.00")&" ["&L93&", "&M93&"]" -> 21.00 [0.61, 20.39]
A94: 2 | B94: 13 | C94: Björnsson et al., 2016 | D94: BPTB vs. HT | E94: lachman_2 | F94: 148 | G94: 0.42 | H94: 0.46232899 | I94: =H94*1.96 -> 0.90616482 | J94: =G94-I94 -> -0.48616482 | K94: =G94+I94 -> 1.3261648 | L94: =TEXT(I94,"#0.00") -> 0.91 | M94: =TEXT(J94,"#0.00") -> -0.49 | N94: =TEXT(G94,"#0.00")&" ["&L94&", "&M94&"]" -> 0.42 [0.91, -0.49]
A95: 296 | B95: 13 | C95: Björnsson et al., 2016 | D95: BPTB | E95: lysholm | F95: 61 | G95: 79.4 | H95: 16.9 | I95: =H95/(SQRT(F95))*1.96 -> 4.2410936 | J95: =G95-I95 -> 75.158906 | K95: =G95+I95 -> 83.641094 | L95: =TEXT(I95,"#0.00") -> 4.24 | M95: =TEXT(J95,"#0.00") -> 75.16 | N95: =TEXT(G95,"#0.00")&" ["&L95&", "&M95&"]" -> 79.40 [4.24, 75.16]
A96: 297 | B96: 13 | C96: Björnsson et al., 2016 | D96: HT | E96: lysholm | F96: 86 | G96: 80.7 | H96: 15.3 | I96: =H96/(SQRT(F96))*1.96 -> 3.2336892 | J96: =G96-I96 -> 77.466311 | K96: =G96+I96 -> 83.933689 | L96: =TEXT(I96,"#0.00") -> 3.23 | M96: =TEXT(J96,"#0.00") -> 77.47 | N96: =TEXT(G96,"#0.00")&" ["&L96&", "&M96&"]" -> 80.70 [3.23, 77.47]
A97: 3 | B97: 13 | C97: Björnsson et al., 2016 | D97: BPTB vs. HT | E97: lysholm | F97: 147 | G97: 0.081 | H97: 0.167 | I97: =H97*1.96 -> 0.32732 | J97: =G97-I97 -> -0.24632 | K97: =G97+I97 -> 0.40832 | L97: =TEXT(I97,"#0.00") -> 0.33 | M97: =TEXT(J97,"#0.00") -> -0.25 | N97: =TEXT(G97,"#0.00")&" ["&L97&", "&M97&"]" -> 0.08 [0.33, -0.25]
A98: 380 | B98: 13 | C98: Björnsson et al., 2016 | D98: BPTB | E98: pivot_shift_1 | F98: 61 | G98: 26 | H98: 1.99 | I98: =H98/(SQRT(F98))*1.96 -> 0.49939505 | J98: =G98-I98 -> 25.500605 | K98: =G98+I98 -> 26.499395 | L98: =TEXT(I98,"#0.00") -> 0.50 | M98: =TEXT(J98,"#0.00") -> 25.50 | N98: =TEXT(G98,"#0.00")&" ["&L98&", "&M98&"]" -> 26.00 [0.50, 25.50]
A99: 381 | B99: 13 | C99: Björnsson et al., 2016 | D99: HT | E99: pivot_shift_1 | F99: 86 | G99: 28 | H99: 1.72 | I99: =H99/(SQRT(F99))*1.96 -> 0.36352585 | J99: =G99-I99 -> 27.636474 | K99: =G99+I99 -> 28.363526 | L99: =TEXT(I99,"#0.00") -> 0.36 | M99: =TEXT(J99,"#0.00") -> 27.64 | N99: =TEXT(G99,"#0.00")&" ["&L99&", "&M99&"]" -> 28.00 [0.36, 27.64]
A100: 4 | B100: 13 | C100: Björnsson et al., 2016 | D100: BPTB vs. HT | E100: pivot_shift_1 | F100: 148 | G100: 1.541 | H100: 0.34443632 | I100: =H100*1.96 -> 0.67509518 | J100: =G100-I100 -> 0.86590482 | K100: =G100+I100 -> 2.2160952 | L100: =TEXT(I100,"#0.00") -> 0.68 | M100: =TEXT(J100,"#0.00") -> 0.87 | N100: =TEXT(G100,"#0.00")&" ["&L100&", "&M100&"]" -> 1.54 [0.68, 0.87]
...

Sheet Sheet3
D1: study | E1: subgroup
B2: =_xlfn.TEXTJOIN("; ",TRUE,Sheet1!C2:D2) -> Ageberg et al., 2009; BPTB | C2: {=_xlfn.UNIQUE(B2:B661)} -> Ageberg et al., 2009; BPTB | D2: at | E2: =COUNTIF($E$2:$E$177,D2) -> 1
B3: =_xlfn.TEXTJOIN("; ",TRUE,Sheet1!C3:D3) -> Ageberg et al., 2009; HT | C3: Ageberg et al., 2009; HT | D3: ht vs. at | E3: =COUNTIF($E$2:$E$177,D3) -> 1
B4: =_xlfn.TEXTJOIN("; ",TRUE,Sheet1!C4:D4) -> Ageberg et al., 2009; BPTB vs. HT | C4: Ageberg et al., 2009; BPTB vs. HT | D4: plt | E4: =COUNTIF($E$2:$E$177,D4) -> 3
B5: =_xlfn.TEXTJOIN("; ",TRUE,Sheet1!C5:D5) -> Aglietti et al., 2004; BPTB | C5: Aglietti et al., 2004; BPTB | D5: ht vs. plt | E5: =COUNTIF($E$2:$E$177,D5) -> 3
B6: =_xlfn.TEXTJOIN("; ",TRUE,Sheet1!C6:D6) -> Aglietti et al., 2004; HT | C6: Aglietti et al., 2004; HT | D6: ta | E6: =COUNTIF($E$2:$E$177,D6) -> 4
B7: =_xlfn.TEXTJOIN("; ",TRUE,Sheet1!C7:D7) -> Aglietti et al., 2004; BPTB vs. HT | C7: Aglietti et al., 2004; BPTB vs. HT | D7: bptb vs. qt | E7: =COUNTIF($E$2:$E$177,D7) -> 4
B8: =_xlfn.TEXTJOIN("; ",TRUE,Sheet1!C8:D8) -> Aglietti et al., 2004; BPTB | C8: Ahldén et al., 2009; BPTB | D8: ht vs. ta | E8: =COUNTIF($E$2:$E$177,D8) -> 4
B9: =_xlfn.TEXTJOIN("; ",TRUE,Sheet1!C9:D9) -> Aglietti et al., 2004; HT | C9: Ahldén et al., 2009; HT | D9: ht vs. qt | E9: =COUNTIF($E$2:$E$177,D9) -> 7
B10: =_xlfn.TEXTJOIN("; ",TRUE,Sheet1!C10:D10) -> Aglietti et al., 2004; BPTB vs. HT | C10: Ahldén et al., 2009; BPTB vs. HT | D10: qt | E10: =COUNTIF($E$2:$E$177,D10) -> 10
B11: =_xlfn.TEXTJOIN("; ",TRUE,Sheet1!C11:D11) -> Aglietti et al., 2004; BPTB | C11: Anderson et al., 2001; BPTB | D11: bptb vs. ht | E11: =COUNTIF($E$2:$E$177,D11) -> 40
B12: =_xlfn.TEXTJOIN("; ",TRUE,Sheet1!C12:D12) -> Aglietti et al., 2004; HT | C12: Anderson et al., 2001; HT | D12: bptb | E12: =COUNTIF($E$2:$E$177,D12) -> 44
B13: =_xlfn.TEXTJOIN("; ",TRUE,Sheet1!C13:D13) -> Aglietti et al., 2004; BPTB vs. HT | C13: Anderson et al., 2001; BPTB vs. HT | D13: ht | E13: =COUNTIF($E$2:$E$177,D13) -> 55
B14: =_xlfn.TEXTJOIN("; ",TRUE,Sheet1!C14:D14) -> Aglietti et al., 2004; BPTB | C14: Anz et al., 2023; BPTB | D14: {=_xlfn.TEXTSPLIT(C14,"; ")} -> Anz et al., 2023 | E14: BPTB
B15: =_xlfn.TEXTJOIN("; ",TRUE,Sheet1!C15:D15) -> Aglietti et al., 2004; HT | C15: Anz et al., 2023; HT | D15: {=_xlfn.TEXTSPLIT(C15,"; ")} -> Anz et al., 2023 | E15: HT
B16: =_xlfn.TEXTJOIN("; ",TRUE,Sheet1!C16:D16) -> Aglietti et al., 2004; BPTB vs. HT | C16: Anz et al., 2023; BPTB vs. HT | D16: {=_xlfn.TEXTSPLIT(C16,"; ")} -> Anz et al., 2023 | E16: BPTB vs. HT
B17: =_xlfn.TEXTJOIN("; ",TRUE,Sheet1!C17:D17) -> Aglietti et al., 2004; BPTB | C17: Aune et al., 2001; BPTB | D17: {=_xlfn.TEXTSPLIT(C17,"; ")} -> Aune et al., 2001 | E17: BPTB
B18: =_xlfn.TEXTJOIN("; ",TRUE,Sheet1!C18:D18) -> Aglietti et al., 2004; HT | C18: Aune et al., 2001; HT | D18: {=_xlfn.TEXTSPLIT(C18,"; ")} -> Aune et al., 2001 | E18: HT
B19: =_xlfn.TEXTJOIN("; ",TRUE,Sheet1!C19:D19) -> Aglietti et al., 2004; BPTB vs. HT | C19: Aune et al., 2001; BPTB vs. HT | D19: {=_xlfn.TEXTSPLIT(C19,"; ")} -> Aune et al., 2001 | E19: BPTB vs. HT
B20: =_xlfn.TEXTJOIN("; ",TRUE,Sheet1!C20:D20) -> Ahldén et al., 2009; BPTB | C20: Barenius et al., 2010; BPTB | D20: {=_xlfn.TEXTSPLIT(C20,"; ")} -> Barenius et al., 2010 | E20: BPTB
B21: =_xlfn.TEXTJOIN("; ",TRUE,Sheet1!C21:D21) -> Ahldén et al., 2009; HT | C21: Barenius et al., 2010; HT | D21: {=_xlfn.TEXTSPLIT(C21,"; ")} -> Barenius et al., 2010 | E21: HT
B22: =_xlfn.TEXTJOIN("; ",TRUE,Sheet1!C22:D22) -> Ahldén et al., 2009; BPTB vs. HT | C22: Barenius et al., 2010; BPTB vs. HT | D22: {=_xlfn.TEXTSPLIT(C22,"; ")} -> Barenius et al., 2010 | E22: BPTB vs. HT
B23: =_xlfn.TEXTJOIN("; ",TRUE,Sheet1!C23:D23) -> Ahldén et al., 2009; BPTB | C23: Barié et al., 2020; BPTB | D23: {=_xlfn.TEXTSPLIT(C23,"; ")} -> Barié et al., 2020 | E23: BPTB
B24: =_xlfn.TEXTJOIN("; ",TRUE,Sheet1!C24:D24) -> Ahldén et al., 2009; HT | C24: Barié et al., 2020; QT | D24: {=_xlfn.TEXTSPLIT(C24,"; ")} -> Barié et al., 2020 | E24: QT
B25: =_xlfn.TEXTJOIN("; ",TRUE,Sheet1!C25:D25) -> Ahldén et al., 2009; BPTB vs. HT | C25: Barié et al., 2020; BPTB vs. QT | D25: {=_xlfn.TEXTSPLIT(C25,"; ")} -> Barié et al., 2020 | E25: BPTB vs. QT
... B177: =_xlfn.TEXTJOIN("; ",TRUE,Sheet1!C177:D177) -> Guglielmetti et al., 2021; HT | C177: Zaffagnini et al., 2011; BPTB vs. HT | D177: {=_xlfn.TEXTSPLIT(C177,"; ")} -> Zaffagnini et al., 2011 | E177: BPTB vs. HT
B178: =_xlfn.TEXTJOIN("; ",TRUE,Sheet1!C178:D178) -> Guglielmetti et al., 2021; BPTB vs. HT | D178: {=_xlfn.TEXTSPLIT(C178,"; ")} -> #VALUE!
B179: =_xlfn.TEXTJOIN("; ",TRUE,Sheet1!C179:D179) -> Guglielmetti et al., 2021; BPTB | D179: {=_xlfn.TEXTSPLIT(C179,"; ")} -> #VALUE!
B180: =_xlfn.TEXTJOIN("; ",TRUE,Sheet1!C180:D180) -> Guglielmetti et al., 2021; HT | D180: {=_xlfn.TEXTSPLIT(C180,"; ")} -> #VALUE!
B181: =_xlfn.TEXTJOIN("; ",TRUE,Sheet1!C181:D181) -> Guglielmetti et al., 2021; BPTB vs. HT | D181: {=_xlfn.TEXTSPLIT(C181,"; ")} -> #VALUE!
B182: =_xlfn.TEXTJOIN("; ",TRUE,Sheet1!C182:D182) -> Guglielmetti et al., 2021; BPTB | D182: {=_xlfn.TEXTSPLIT(C182,"; ")} -> #VALUE!
B183: =_xlfn.TEXTJOIN("; ",TRUE,Sheet1!C183:D183) -> Guglielmetti et al., 2021; HT | D183: {=_xlfn.TEXTSPLIT(C183,"; ")} -> #VALUE!
B184: =_xlfn.TEXTJOIN("; ",TRUE,Sheet1!C184:D184) -> Guglielmetti et al., 2021; BPTB vs. HT | D184: {=_xlfn.TEXTSPLIT(C184,"; ")} -> #VALUE!
B185: =_xlfn.TEXTJOIN("; ",TRUE,Sheet1!C185:D185) -> Guglielmetti et al., 2021; BPTB | D185: {=_xlfn.TEXTSPLIT(C185,"; ")} -> #VALUE!
B186: =_xlfn.TEXTJOIN("; ",TRUE,Sheet1!C186:D186) -> Guglielmetti et al., 2021; HT | D186: {=_xlfn.TEXTSPLIT(C186,"; ")} -> #VALUE!
B187: =_xlfn.TEXTJOIN("; ",TRUE,Sheet1!C187:D187) -> Guglielmetti et al., 2021; BPTB vs. HT | D187: {=_xlfn.TEXTSPLIT(C187,"; ")} -> #VALUE!
B188: =_xlfn.TEXTJOIN("; ",TRUE,Sheet1!C188:D188) -> Guglielmetti et al., 2021; BPTB | D188: {=_xlfn.TEXTSPLIT(C188,"; ")} -> #VALUE!
B189: =_xlfn.TEXTJOIN("; ",TRUE,Sheet1!C189:D189) -> Guglielmetti et al., 2021; HT | D189: {=_xlfn.TEXTSPLIT(C189,"; ")} -> #VALUE!
B190: =_xlfn.TEXTJOIN("; ",TRUE,Sheet1!C190:D190) -> Guglielmetti et al., 2021; BPTB vs. HT
B191: =_xlfn.TEXTJOIN("; ",TRUE,Sheet1!C191:D191) -> Harilainen et al., 2006; BPTB
B192: =_xlfn.TEXTJOIN("; ",TRUE,Sheet1!C192:D192) -> Harilainen et al., 2006; HT
B193: =_xlfn.TEXTJOIN("; ",TRUE,Sheet1!C193:D193) -> Harilainen et al., 2006; BPTB vs. HT
B194: =_xlfn.TEXTJOIN("; ",TRUE,Sheet1!C194:D194) -> Harilainen et al., 2006; BPTB
B195: =_xlfn.TEXTJOIN("; ",TRUE,Sheet1!C195:D195) -> Harilainen et al., 2006; HT
B196: =_xlfn.TEXTJOIN("; ",TRUE,Sheet1!C196:D196) -> Harilainen et al., 2006; BPTB vs. HT
B197: =_xlfn.TEXTJOIN("; ",TRUE,Sheet1!C197:D197) -> Harilainen et al., 2006; BPTB
B198: =_xlfn.TEXTJOIN("; ",TRUE,Sheet1!C198:D198) -> Harilainen et al., 2006; HT
B199: =_xlfn.TEXTJOIN("; ",TRUE,Sheet1!C199:D199) -> Harilainen et al., 2006; BPTB vs. HT
B200: =_xlfn.TEXTJOIN("; ",TRUE,Sheet1!C200:D200) -> Harilainen et al., 2006; BPTB
B201: =_xlfn.TEXTJOIN("; ",TRUE,Sheet1!C201:D201) -> Harilainen et al., 2006; HT
... B661: =_xlfn.TEXTJOIN("; ",TRUE,Sheet1!C661:D661) -> Zaffagnini et al., 2011; BPTB vs. HT

Sheet bptb vs. ht
A1: ID | B1: Study | C1: Outcome | D1: Sample size | E1: Effect size estimate | F1: Standard Error
A2: 1 | B2: Ageberg et al., 2009 | C2: tegner | D2: 36 | E2: 0.744 | F2: 0.347 | G2: =1.96*F2 -> 0.68012 | H2: =TEXT(E2-G2,"#0.00") -> 0.06 | I2: =TEXT(E2+G2,"0.00") -> 1.42 | J2: =E2&" ["&H2&", "&I2&"]" -> 0.744 [0.06, 1.42]
A3: 2 | B3: Aglietti et al., 2004 | C3: instrumented_laxity | D3: 120 | E3: 0.209 | F3: 0.183 | G3: =1.96*F3 -> 0.35868 | H3: =TEXT(E3-G3,"#0.00") -> -0.15 | I3: =TEXT(E3+G3,"0.00") -> 0.57 | J3: =E3&" ["&H3&", "&I3&"]" -> 0.209 [-0.15, 0.57]
A4: 2 | C4: lachman_1 | D4: 121 | E4: 1 | F4: 2.008316 | G4: =1.96*F4 -> 3.9362994 | H4: =TEXT(E4-G4,"#0.00") -> -2.94 | I4: =TEXT(E4+G4,"0.00") -> 4.94 | J4: =E4&" ["&H4&", "&I4&"]" -> 1 [-2.94, 4.94]
A5: 2 | C5: lachman_2 | D5: 121 | E5: 1 | F5: 2.008316 | G5: =1.96*F5 -> 3.9362994 | H5: =TEXT(E5-G5,"#0.00") -> -2.94 | I5: =TEXT(E5+G5,"0.00") -> 4.94 | J5: =E5&" ["&H5&", "&I5&"]" -> 1 [-2.94, 4.94]
A6: 2 | C6: pivot_shift_1 | D6: 121 | E6: 0.895 | F6: 0.47180799 | G6: =1.96*F6 -> 0.92474366 | H6: =TEXT(E6-G6,"#0.00") -> -0.03 | I6: =TEXT(E6+G6,"0.00") -> 1.82 | J6: =E6&" ["&H6&", "&I6&"]" -> 0.895 [-0.03, 1.82]
A7: 2 | C7: pivot_shift_2 | D7: 121 | E7: 1 | F7: 2.008316 | G7: =1.96*F7 -> 3.9362994 | H7: =TEXT(E7-G7,"#0.00") -> -2.94 | I7: =TEXT(E7+G7,"0.00") -> 4.94 | J7: =E7&" ["&H7&", "&I7&"]" -> 1 [-2.94, 4.94]
A8: 3 | B8: Ahldén et al., 2009 | C8: instrumented_laxity | D8: 47 | E8: 0.401 | F8: 0.295 | G8: =1.96*F8 -> 0.5782 | H8: =TEXT(E8-G8,"#0.00") -> -0.18 | I8: =TEXT(E8+G8,"0.00") -> 0.98 | J8: =E8&" ["&H8&", "&I8&"]" -> 0.401 [-0.18, 0.98]
A9: 3 | C9: lysholm | D9: 47 | E9: 0.084 | F9: 0.292 | G9: =1.96*F9 -> 0.57232 | H9: =TEXT(E9-G9,"#0.00") -> -0.49 | I9: =TEXT(E9+G9,"0.00") -> 0.66 | J9: =E9&" ["&H9&", "&I9&"]" -> 0.084 [-0.49, 0.66]
A10: 3 | C10: tegner | D10: 47 | E10: 0.005 | F10: 0.292 | G10: =1.96*F10 -> 0.57232 | H10: =TEXT(E10-G10,"#0.00") -> -0.57 | I10: =TEXT(E10+G10,"0.00") -> 0.58 | J10: =E10&" ["&H10&", "&I10&"]" -> 0.005 [-0.57, 0.58]
A11: 5 | B11: Anderson et al., 2001 | C11: instrumented_laxity | D11: 68 | E11: 0.465 | F11: 0.246 | G11: =1.96*F11 -> 0.48216 | H11: =TEXT(E11-G11,"#0.00") -> -0.02 | I11: =TEXT(E11+G11,"0.00") -> 0.95 | J11: =E11&" ["&H11&", "&I11&"]" -> 0.465 [-0.02, 0.95]
A12: 5 | C12: pivot_shift_1 | D12: 69 | E12: -0.089 | G12: =1.96*F12 -> 0 | H12: =TEXT(E12-G12,"#0.00") -> -0.09 | I12: =TEXT(E12+G12,"0.00") -> -0.09 | J12: =E12&" ["&H12&", "&I12&"]" -> -0.089 [-0.09, -0.09]
A13: 5 | C13: pivot_shift_2 | D13: 69 | E13: 0.169 | F13: 0.56351258 | G13: =1.96*F13 -> 1.1044847 | H13: =TEXT(E13-G13,"#0.00") -> -0.94 | I13: =TEXT(E13+G13,"0.00") -> 1.27 | J13: =E13&" ["&H13&", "&I13&"]" -> 0.169 [-0.94, 1.27]
A14: 6 | B14: Anz et al., 2023 | C14: graft_failure | D14: 17 | E14: 1 | F14: 2.0615528 | G14: =1.96*F14 -> 4.0406435 | H14: =TEXT(E14-G14,"#0.00") -> -3.04 | I14: =TEXT(E14+G14,"0.00") -> 5.04 | J14: =E14&" ["&H14&", "&I14&"]" -> 1 [-3.04, 5.04]
A15: 7 | B15: Aune et al., 2001 | C15: instrumented_laxity | D15: 61 | E15: 0.16 | F15: 0.257 | G15: =1.96*F15 -> 0.50372 | H15: =TEXT(E15-G15,"#0.00") -> -0.34 | I15: =TEXT(E15+G15,"0.00") -> 0.66 | J15: =E15&" ["&H15&", "&I15&"]" -> 0.16 [-0.34, 0.66]
A16: 9 | B16: Barenius et al., 2010 | C16: lysholm | D16: 153 | E16: 0.049 | F16: 0.162 | G16: =1.96*F16 -> 0.31752 | H16: =TEXT(E16-G16,"#0.00") -> -0.27 | I16: =TEXT(E16+G16,"0.00") -> 0.37 | J16: =E16&" ["&H16&", "&I16&"]" -> 0.049 [-0.27, 0.37]
A17: 9 | C17: tegner | D17: 153 | E17: 0.923 | F17: 0.17 | G17: =1.96*F17 -> 0.3332 | H17: =TEXT(E17-G17,"#0.00") -> 0.59 | I17: =TEXT(E17+G17,"0.00") -> 1.26 | J17: =E17&" ["&H17&", "&I17&"]" -> 0.923 [0.59, 1.26]
A18: 11 | B18: Beynnon et al., 2002 | C18: lachman_1 | D18: 45 | E18: 0.146 | F18: 0.85671797 | G18: =1.96*F18 -> 1.6791672 | H18: =TEXT(E18-G18,"#0.00") -> -1.53 | I18: =TEXT(E18+G18,"0.00") -> 1.83 | J18: =E18&" ["&H18&", "&I18&"]" -> 0.146 [-1.53, 1.83]
A19: 11 | C19: lachman_2 | D19: 45 | E19: 3 | F19: 0.62063289 | G19: =1.96*F19 -> 1.2164405 | H19: =TEXT(E19-G19,"#0.00") -> 1.78 | I19: =TEXT(E19+G19,"0.00") -> 4.22 | J19: =E19&" ["&H19&", "&I19&"]" -> 3 [1.78, 4.22]
A20: 11 | C20: pivot_shift_1 | D20: 45 | E20: 0.252 | F20: 0.72147911 | G20: =1.96*F20 -> 1.414099 | H20: =TEXT(E20-G20,"#0.00") -> -1.16 | I20: =TEXT(E20+G20,"0.00") -> 1.67 | J20: =E20&" ["&H20&", "&I20&"]" -> 0.252 [-1.16, 1.67]
A21: 11 | C21: pivot_shift_2 | D21: 45 | E21: 5.688 | F21: 0.96469263 | G21: =1.96*F21 -> 1.8907976 | H21: =TEXT(E21-G21,"#0.00") -> 3.80 | I21: =TEXT(E21+G21,"0.00") -> 7.58 | J21: =E21&" ["&H21&", "&I21&"]" -> 5.688 [3.80, 7.58]
A22: 13 | B22: Björnsson et al., 2016 | C22: ikdc_subjective | D22: 147 | E22: 0.341 | F22: 0.169 | G22: =1.96*F22 -> 0.33124 | H22: =TEXT(E22-G22,"#0.00") -> 0.01 | I22: =TEXT(E22+G22,"0.00") -> 0.67 | J22: =E22&" ["&H22&", "&I22&"]" -> 0.341 [0.01, 0.67]
A23: 13 | C23: lachman_1 | D23: 148 | E23: 0.276 | F23: 0.36774102 | G23: =1.96*F23 -> 0.72077241 | H23: =TEXT(E23-G23,"#0.00") -> -0.44 | I23: =TEXT(E23+G23,"0.00") -> 1.00 | J23: =E23&" ["&H23&", "&I23&"]" -> 0.276 [-0.44, 1.00]
A24: 13 | C24: lachman_2 | D24: 148 | E24: 0.42 | F24: 0.46232899 | G24: =1.96*F24 -> 0.90616482 | H24: =TEXT(E24-G24,"#0.00") -> -0.49 | I24: =TEXT(E24+G24,"0.00") -> 1.33 | J24: =E24&" ["&H24&", "&I24&"]" -> 0.42 [-0.49, 1.33]
A25: 13 | C25: lysholm | D25: 147 | E25: 0.081 | F25: 0.167 | G25: =1.96*F25 -> 0.32732 | H25: =TEXT(E25-G25,"#0.00") -> -0.25 | I25: =TEXT(E25+G25,"0.00") -> 0.41 | J25: =E25&" ["&H25&", "&I25&"]" -> 0.081 [-0.25, 0.41]
A26: 13 | C26: pivot_shift_1 | D26: 148 | E26: 1.541 | F26: 0.34443632 | G26: =1.96*F26 -> 0.67509518 | H26: =TEXT(E26-G26,"#0.00") -> 0.87 | I26: =TEXT(E26+G26,"0.00") -> 2.22 | J26: =E26&" ["&H26&", "&I26&"]" -> 1.541 [0.87, 2.22]
A27: 13 | C27: pivot_shift_2 | D27: 148 | E27: 1.379 | F27: 0.43379819 | G27: =1.96*F27 -> 0.85024445 | H27: =TEXT(E27-G27,"#0.00") -> 0.53 | I27: =TEXT(E27+G27,"0.00") -> 2.23 | J27: =E27&" ["&H27&", "&I27&"]" -> 1.379 [0.53, 2.23]
A28: 13 | C28: tegner | D28: 147 | E28: 0.059 | F28: 0.167 | G28: =1.96*F28 -> 0.32732 | H28: =TEXT(E28-G28,"#0.00") -> -0.27 | I28: =TEXT(E28+G28,"0.00") -> 0.39 | J28: =E28&" ["&H28&", "&I28&"]" -> 0.059 [-0.27, 0.39]
A29: 23 | B29: Ejerhed et al., 2003 | C29: instrumented_laxity | D29: 66 | E29: 0.048 | F29: 0.246 | G29: =1.96*F29 -> 0.48216 | H29: =TEXT(E29-G29,"#0.00") -> -0.43 | I29: =TEXT(E29+G29,"0.00") -> 0.53 | J29: =E29&" ["&H29&", "&I29&"]" -> 0.048 [-0.43, 0.53]
A30: 23 | C30: lachman_1 | D30: 67 | E30: 0.697 | F30: 0.49099402 | G30: =1.96*F30 -> 0.96234828 | H30: =TEXT(E30-G30,"#0.00") -> -0.27 | I30: =TEXT(E30+G30,"0.00") -> 1.66 | J30: =E30&" ["&H30&", "&I30&"]" -> 0.697 [-0.27, 1.66]
A31: 23 | C31: lachman_2 | D31: 67 | E31: 5.667 | F31: 1.5693136 | G31: =1.96*F31 -> 3.0758546 | H31: =TEXT(E31-G31,"#0.00") -> 2.59 | I31: =TEXT(E31+G31,"0.00") -> 8.74 | J31: =E31&" ["&H31&", "&I31&"]" -> 5.667 [2.59, 8.74]
A32: 23 | C32: lysholm | D32: 66 | E32: 0.256 | F32: 0.247 | G32: =1.96*F32 -> 0.48412 | H32: =TEXT(E32-G32,"#0.00") -> -0.23 | I32: =TEXT(E32+G32,"0.00") -> 0.74 | J32: =E32&" ["&H32&", "&I32&"]" -> 0.256 [-0.23, 0.74]
A33: 23 | C33: tegner | D33: 66 | E33: 0.366 | F33: 0.248 | G33: =1.96*F33 -> 0.48608 | H33: =TEXT(E33-G33,"#0.00") -> -0.12 | I33: =TEXT(E33+G33,"0.00") -> 0.85 | J33: =E33&" ["&H33&", "&I33&"]" -> 0.366 [-0.12, 0.85]
A34: 25 | B34: Eriksson et al., 2001 | C34: instrumented_laxity | D34: 89 | E34: 0.161 | F34: 0.213 | G34: =1.96*F34 -> 0.41748 | H34: =TEXT(E34-G34,"#0.00") -> -0.26 | I34: =TEXT(E34+G34,"0.00") -> 0.58 | J34: =E34&" ["&H34&", "&I34&"]" -> 0.161 [-0.26, 0.58]
A35: 25 | C35: pivot_shift_1 | D35: 90 | E35: 0.259 | F35: 0.51828589 | G35: =1.96*F35 -> 1.0158404 | H35: =TEXT(E35-G35,"#0.00") -> -0.76 | I35: =TEXT(E35+G35,"0.00") -> 1.27 | J35: =E35&" ["&H35&", "&I35&"]" -> 0.259 [-0.76, 1.27]
A36: 25 | C36: pivot_shift_2 | D36: 90 | E36: 1.119 | F36: 2.0112399 | G36: =1.96*F36 -> 3.9420303 | H36: =TEXT(E36-G36,"#0.00") -> -2.82 | I36: =TEXT(E36+G36,"0.00") -> 5.06 | J36: =E36&" ["&H36&", "&I36&"]" -> 1.119 [-2.82, 5.06]
A37: 26 | B37: Feller & Webster, 2003 | C37: instrumented_laxity | D37: 48 | E37: 0.55 | F37: 0.297 | G37: =1.96*F37 -> 0.58212 | H37: =TEXT(E37-G37,"#0.00") -> -0.03 | I37: =TEXT(E37+G37,"0.00") -> 1.13 | J37: =E37&" ["&H37&", "&I37&"]" -> 0.55 [-0.03, 1.13]
A38: 26 | C38: lachman_1 | D38: 49 | E38: 0.032 | F38: 0.86761008 | G38: =1.96*F38 -> 1.7005158 | H38: =TEXT(E38-G38,"#0.00") -> -1.67 | I38: =TEXT(E38+G38,"0.00") -> 1.73 | J38: =E38&" ["&H38&", "&I38&"]" -> 0.032 [-1.67, 1.73]
A39: 26 | C39: lachman_2 | D39: 49 | E39: 0.778 | F39: 2.0210532 | G39: =1.96*F39 -> 3.9612643 | H39: =TEXT(E39-G39,"#0.00") -> -3.18 | I39: =TEXT(E39+G39,"0.00") -> 4.74 | J39: =E39&" ["&H39&", "&I39&"]" -> 0.778 [-3.18, 4.74]
A40: 26 | C40: pivot_shift_1 | D40: 49 | E40: 0.126 | F40: 0.79284077 | G40: =1.96*F40 -> 1.5539679 | H40: =TEXT(E40-G40,"#0.00") -> -1.43 | I40: =TEXT(E40+G40,"0.00") -> 1.68 | J40: =E40&" ["&H40&", "&I40&"]" -> 0.126 [-1.43, 1.68]
A41: 26 | C41: pivot_shift_2 | D41: 49 | E41: 0.778 | F41: 2.0210532 | G41: =1.96*F41 -> 3.9612643 | H41: =TEXT(E41-G41,"#0.00") -> -3.18 | I41: =TEXT(E41+G41,"0.00") -> 4.74 | J41: =E41&" ["&H41&", "&I41&"]" -> 0.778 [-3.18, 4.74]
A42: 30 | B42: Gifstad et al., 2013 | C42: instrumented_laxity | D42: 77 | E42: 0 | F42: 0.228 | G42: =1.96*F42 -> 0.44688 | H42: =TEXT(E42-G42,"#0.00") -> -0.45 | I42: =TEXT(E42+G42,"0.00") -> 0.45 | J42: =E42&" ["&H42&", "&I42&"]" -> 0 [-0.45, 0.45]
A43: 30 | C43: lachman_1 | D43: 78 | E43: 1.124 | F43: 0.46707429 | G43: =1.96*F43 -> 0.91546561 | H43: =TEXT(E43-G43,"#0.00") -> 0.21 | I43: =TEXT(E43+G43,"0.00") -> 2.04 | J43: =E43&" ["&H43&", "&I43&"]" -> 1.124 [0.21, 2.04]
A44: 30 | C44: lachman_2 | D44: 78 | E44: 0.875 | F44: 1.1776692 | G44: =1.96*F44 -> 2.3082316 | H44: =TEXT(E44-G44,"#0.00") -> -1.43 | I44: =TEXT(E44+G44,"0.00") -> 3.18 | J44: =E44&" ["&H44&", "&I44&"]" -> 0.875 [-1.43, 3.18]
A45: 32 | B45: Guglielmetti et al., 2021 | C45: ikdc_subjective | D45: 62 | E45: 0.245 | F45: 0.255 | G45: =1.96*F45 -> 0.4998 | H45: =TEXT(E45-G45,"#0.00") -> -0.25 | I45: =TEXT(E45+G45,"0.00") -> 0.74 | J45: =E45&" ["&H45&", "&I45&"]" -> 0.245 [-0.25, 0.74]
A46: 32 | C46: lachman_1 | D46: 63 | E46: 1 | F46: 0.54903134 | G46: =1.96*F46 -> 1.0761014 | H46: =TEXT(E46-G46,"#0.00") -> -0.08 | I46: =TEXT(E46+G46,"0.00") -> 2.08 | J46: =E46&" ["&H46&", "&I46&"]" -> 1 [-0.08, 2.08]
A47: 32 | C47: lachman_2 | D47: 63 | E47: 0.69 | F47: 0.86943161 | G47: =1.96*F47 -> 1.704086 | H47: =TEXT(E47-G47,"#0.00") -> -1.01 | I47: =TEXT(E47+G47,"0.00") -> 2.39 | J47: =E47&" ["&H47&", "&I47&"]" -> 0.69 [-1.01, 2.39]
A48: 32 | C48: lysholm | D48: 62 | E48: 0.15 | F48: 0.254 | G48: =1.96*F48 -> 0.49784 | H48: =TEXT(E48-G48,"#0.00") -> -0.35 | I48: =TEXT(E48+G48,"0.00") -> 0.65 | J48: =E48&" ["&H48&", "&I48&"]" -> 0.15 [-0.35, 0.65]
A49: 32 | C49: pivot_shift_1 | D49: 63 | E49: 0.625 | F49: 0.56378821 | G49: =1.96*F49 -> 1.1050249 | H49: =TEXT(E49-G49,"#0.00") -> -0.48 | I49: =TEXT(E49+G49,"0.00") -> 1.73 | J49: =E49&" ["&H49&", "&I49&"]" -> 0.625 [-0.48, 1.73]
A50: 32 | C50: pivot_shift_2 | D50: 63 | E50: 1.724 | F50: 1.065121 | G50: =1.96*F50 -> 2.0876372 | H50: =TEXT(E50-G50,"#0.00") -> -0.36 | I50: =TEXT(E50+G50,"0.00") -> 3.81 | J50: =E50&" ["&H50&", "&I50&"]" -> 1.724 [-0.36, 3.81]
A51: 33 | B51: Harilainen et al., 2006 | C51: instrumented_laxity | D51: 74 | E51: 0.086 | F51: 0.233 | G51: =1.96*F51 -> 0.45668 | H51: =TEXT(E51-G51,"#0.00") -> -0.37 | I51: =TEXT(E51+G51,"0.00") -> 0.54 | J51: =E51&" ["&H51&", "&I51&"]" -> 0.086 [-0.37, 0.54]
A52: 33 | C52: lachman_1 | D52: 75 | E52: 1.398 | F52: 0.58157892 | G52: =1.96*F52 -> 1.1398947 | H52: =TEXT(E52-G52,"#0.00") -> 0.26 | I52: =TEXT(E52+G52,"0.00") -> 2.54 | J52: =E52&" ["&H52&", "&I52&"]" -> 1.398 [0.26, 2.54]
A53: 33 | C53: lachman_2 | D53: 75 | E53: 0.324 | F53: 1.6496883 | G53: =1.96*F53 -> 3.2333891 | H53: =TEXT(E53-G53,"#0.00") -> -2.91 | I53: =TEXT(E53+G53,"0.00") -> 3.56 | J53: =E53&" ["&H53&", "&I53&"]" -> 0.324 [-2.91, 3.56]
A54: 33 | C54: lysholm | D54: 74 | E54: 0.379 | F54: 0.235 | G54: =1.96*F54 -> 0.4606 | H54: =TEXT(E54-G54,"#0.00") -> -0.08 | I54: =TEXT(E54+G54,"0.00") -> 0.84 | J54: =E54&" ["&H54&", "&I54&"]" -> 0.379 [-0.08, 0.84]
A55: 33 | C55: pivot_shift_1 | D55: 75 | E55: 1 | F55: 0.71066905 | G55: =1.96*F55 -> 1.3929113 | H55: =TEXT(E55-G55,"#0.00") -> -0.39 | I55: =TEXT(E55+G55,"0.00") -> 2.39 | J55: =E55&" ["&H55&", "&I55&"]" -> 1 [-0.39, 2.39]
A56: 33 | C56: pivot_shift_2 | D56: 75 | E56: 0.324 | F56: 1.6496883 | G56: =1.96*F56 -> 3.2333891 | H56: =TEXT(E56-G56,"#0.00") -> -2.91 | I56: =TEXT(E56+G56,"0.00") -> 3.56 | J56: =E56&" ["&H56&", "&I56&"]" -> 0.324 [-2.91, 3.56]
A57: 33 | C57: tegner | D57: 74 | E57: 0.061 | F57: 0.233 | G57: =1.96*F57 -> 0.45668 | H57: =TEXT(E57-G57,"#0.00") -> -0.40 | I57: =TEXT(E57+G57,"0.00") -> 0.52 | J57: =E57&" ["&H57&", "&I57&"]" -> 0.061 [-0.40, 0.52]
A58: 34 | B58: Heijne & Werner, 2010 | C58: pivot_shift_1 | D58: 60 | E58: 0.247 | F58: 0.56586146 | G58: =1.96*F58 -> 1.1090885 | H58: =TEXT(E58-G58,"#0.00") -> -0.86 | I58: =TEXT(E58+G58,"0.00") -> 1.36 | J58: =E58&" ["&H58&", "&I58&"]" -> 0.247 [-0.86, 1.36]
A59: 34 | C59: pivot_shift_2 | D59: 60 | E59: 0.32 | F59: 0.69858244 | G59: =1.96*F59 -> 1.3692216 | H59: =TEXT(E59-G59,"#0.00") -> -1.05 | I59: =TEXT(E59+G59,"0.00") -> 1.69 | J59: =E59&" ["&H59&", "&I59&"]" -> 0.32 [-1.05, 1.69]
A60: 34 | C60: tegner | D60: 59 | E60: 0.869 | F60: 0.273 | G60: =1.96*F60 -> 0.53508 | H60: =TEXT(E60-G60,"#0.00") -> 0.33 | I60: =TEXT(E60+G60,"0.00") -> 1.40 | J60: =E60&" ["&H60&", "&I60&"]" -> 0.869 [0.33, 1.40]
A61: 35 | B61: Holm et al., 2010 | C61: instrumented_laxity | D61: 57 | E61: 0.298 | F61: 0.266 | G61: =1.96*F61 -> 0.52136 | H61: =TEXT(E61-G61,"#0.00") -> -0.22 | I61: =TEXT(E61+G61,"0.00") -> 0.82 | J61: =E61&" ["&H61&", "&I61&"]" -> 0.298 [-0.22, 0.82]
A62: 35 | C62: lysholm | D62: 57 | E62: 0.125 | F62: 0.265 | G62: =1.96*F62 -> 0.5194 | H62: =TEXT(E62-G62,"#0.00") -> -0.39 | I62: =TEXT(E62+G62,"0.00") -> 0.64 | J62: =E62&" ["&H62&", "&I62&"]" -> 0.125 [-0.39, 0.64]
A63: 37 | B63: Ibrahim et al., 2005 | C63: lachman_1 | D63: 87 | E63: 0.817 | F63: 0.60775321 | G63: =1.96*F63 -> 1.1911963 | H63: =TEXT(E63-G63,"#0.00") -> -0.37 | I63: =TEXT(E63+G63,"0.00") -> 2.01 | J63: =E63&" ["&H63&", "&I63&"]" -> 0.817 [-0.37, 2.01]
A64: 37 | C64: lachman_2 | D64: 87 | E64: 1.15 | F64: 2.0116508 | G64: =1.96*F64 -> 3.9428357 | H64: =TEXT(E64-G64,"#0.00") -> -2.79 | I64: =TEXT(E64+G64,"0.00") -> 5.09 | J64: =E64&" ["&H64&", "&I64&"]" -> 1.15 [-2.79, 5.09]
A65: 37 | C65: lysholm | D65: 86 | E65: 0.292 | F65: 0.217 | G65: =1.96*F65 -> 0.42532 | H65: =TEXT(E65-G65,"#0.00") -> -0.13 | I65: =TEXT(E65+G65,"0.00") -> 0.72 | J65: =E65&" ["&H65&", "&I65&"]" -> 0.292 [-0.13, 0.72]
A66: 37 | C66: pivot_shift_1 | D66: 86 | E66: 0.684 | F66: 0.59587221 | G66: =1.96*F66 -> 1.1679095 | H66: =TEXT(E66-G66,"#0.00") -> -0.48 | I66: =TEXT(E66+G66,"0.00") -> 1.85 | J66: =E66&" ["&H66&", "&I66&"]" -> 0.684 [-0.48, 1.85]
A67: 37 | C67: pivot_shift_2 | D67: 86 | E67: 1.125 | F67: 2.0117709 | G67: =1.96*F67 -> 3.943071 | H67: =TEXT(E67-G67,"#0.00") -> -2.82 | I67: =TEXT(E67+G67,"0.00") -> 5.07 | J67: =E67&" ["&H67&", "&I67&"]" -> 1.125 [-2.82, 5.07]
A68: 38 | B68: Iliopoulos et al., 2017 | C68: ikdc_subjective | D68: 90 | E68: 0.15 | F68: 0.211 | G68: =1.96*F68 -> 0.41356 | H68: =TEXT(E68-G68,"#0.00") -> -0.26 | I68: =TEXT(E68+G68,"0.00") -> 0.56 | J68: =E68&" ["&H68&", "&I68&"]" -> 0.15 [-0.26, 0.56]
A69: 38 | C69: lysholm | D69: 90 | E69: 0.588 | F69: 0.215 | G69: =1.96*F69 -> 0.4214 | H69: =TEXT(E69-G69,"#0.00") -> 0.17 | I69: =TEXT(E69+G69,"0.00") -> 1.01 | J69: =E69&" ["&H69&", "&I69&"]" -> 0.588 [0.17, 1.01]
A70: 41 | B70: Jansson et al., 2003 | C70: instrumented_laxity | D70: 89 | E70: 0.189 | F70: 0.213 | G70: =1.96*F70 -> 0.41748 | H70: =TEXT(E70-G70,"#0.00") -> -0.23 | I70: =TEXT(E70+G70,"0.00") -> 0.61 | J70: =E70&" ["&H70&", "&I70&"]" -> 0.189 [-0.23, 0.61]
A71: 41 | C71: lachman_1 | D71: 90 | E71: 1.086 | F71: 0.53868482 | G71: =1.96*F71 -> 1.0558222 | H71: =TEXT(E71-G71,"#0.00") -> 0.03 | I71: =TEXT(E71+G71,"0.00") -> 2.14 | J71: =E71&" ["&H71&", "&I71&"]" -> 1.086 [0.03, 2.14]
A72: 41 | C72: lachman_2 | D72: 90 | E72: 1.07 | F72: 2.0112173 | G72: =1.96*F72 -> 3.9419859 | H72: =TEXT(E72-G72,"#0.00") -> -2.87 | I72: =TEXT(E72+G72,"0.00") -> 5.01 | J72: =E72&" ["&H72&", "&I72&"]" -> 1.07 [-2.87, 5.01]
A73: 41 | C73: pivot_shift_1 | D73: 90 | E73: 1.075 | F73: 0.78720035 | G73: =1.96*F73 -> 1.5429127 | H73: =TEXT(E73-G73,"#0.00") -> -0.47 | I73: =TEXT(E73+G73,"0.00") -> 2.62 | J73: =E73&" ["&H73&", "&I73&"]" -> 1.075 [-0.47, 2.62]
A74: 41 | C74: pivot_shift_2 | D74: 90 | E74: 1.07 | F74: 2.0112173 | G74: =1.96*F74 -> 3.9419859 | H74: =TEXT(E74-G74,"#0.00") -> -2.87 | I74: =TEXT(E74+G74,"0.00") -> 5.01 | J74: =E74&" ["&H74&", "&I74&"]" -> 1.07 [-2.87, 5.01]
A75: 41 | C75: tegner | D75: 89 | E75: 0.081 | F75: 0.212 | G75: =1.96*F75 -> 0.41552 | H75: =TEXT(E75-G75,"#0.00") -> -0.33 | I75: =TEXT(E75+G75,"0.00") -> 0.50 | J75: =E75&" ["&H75&", "&I75&"]" -> 0.081 [-0.33, 0.50]
A76: 43 | B76: Kautzner et al., 2015 | C76: graft_failure | D76: 148 | E76: 0.192 | F76: 1.5580751 | G76: =1.96*F76 -> 3.0538272 | H76: =TEXT(E76-G76,"#0.00") -> -2.86 | I76: =TEXT(E76+G76,"0.00") -> 3.25 | J76: =E76&" ["&H76&", "&I76&"]" -> 0.192 [-2.86, 3.25]
A77: 43 | C77: instrumented_laxity | D77: 147 | E77: 0.302 | F77: 0.166 | G77: =1.96*F77 -> 0.32536 | H77: =TEXT(E77-G77,"#0.00") -> -0.02 | I77: =TEXT(E77+G77,"0.00") -> 0.63 | J77: =E77&" ["&H77&", "&I77&"]" -> 0.302 [-0.02, 0.63]
A78: 43 | C78: lysholm | D78: 147 | E78: 0.265 | F78: 0.166 | G78: =1.96*F78 -> 0.32536 | H78: =TEXT(E78-G78,"#0.00") -> -0.06 | I78: =TEXT(E78+G78,"0.00") -> 0.59 | J78: =E78&" ["&H78&", "&I78&"]" -> 0.265 [-0.06, 0.59]
A79: 45 | B79: Konrads et al., 2016 | C79: instrumented_laxity | D79: 47 | E79: 0.61 | F79: 0.299 | G79: =1.96*F79 -> 0.58604 | H79: =TEXT(E79-G79,"#0.00") -> 0.02 | I79: =TEXT(E79+G79,"0.00") -> 1.20 | J79: =E79&" ["&H79&", "&I79&"]" -> 0.61 [0.02, 1.20]
A80: 45 | C80: lachman_1 | D80: 48 | E80: 0.554 | F80: 0.59197712 | G80: =1.96*F80 -> 1.1602752 | H80: =TEXT(E80-G80,"#0.00") -> -0.61 | I80: =TEXT(E80+G80,"0.00") -> 1.71 | J80: =E80&" ["&H80&", "&I80&"]" -> 0.554 [-0.61, 1.71]
A81: 45 | C81: lachman_2 | D81: 48 | E81: 0.175 | F81: 1.577747 | G81: =1.96*F81 -> 3.0923842 | H81: =TEXT(E81-G81,"#0.00") -> -2.92 | I81: =TEXT(E81+G81,"0.00") -> 3.27 | J81: =E81&" ["&H81&", "&I81&"]" -> 0.175 [-2.92, 3.27]
A82: 45 | C82: lysholm | D82: 47 | E82: 0.022 | F82: 0.292 | G82: =1.96*F82 -> 0.57232 | H82: =TEXT(E82-G82,"#0.00") -> -0.55 | I82: =TEXT(E82+G82,"0.00") -> 0.59 | J82: =E82&" ["&H82&", "&I82&"]" -> 0.022 [-0.55, 0.59]
A83: 45 | C83: tegner | D83: 47 | E83: 0.684 | F83: 0.301 | G83: =1.96*F83 -> 0.58996 | H83: =TEXT(E83-G83,"#0.00") -> 0.09 | I83: =TEXT(E83+G83,"0.00") -> 1.27 | J83: =E83&" ["&H83&", "&I83&"]" -> 0.684 [0.09, 1.27]
A84: 46 | B84: Laoruengthana et al., 2009 | C84: instrumented_laxity | D84: 28 | E84: 0.447 | F84: 0.384 | G84: =1.96*F84 -> 0.75264 | H84: =TEXT(E84-G84,"#0.00") -> -0.31 | I84: =TEXT(E84+G84,"0.00") -> 1.20 | J84: =E84&" ["&H84&", "&I84&"]" -> 0.447 [-0.31, 1.20]
A85: 46 | C85: pivot_shift_1 | D85: 29 | E85: 0.846 | F85: 0.98378462 | G85: =1.96*F85 -> 1.9282178 | H85: =TEXT(E85-G85,"#0.00") -> -1.08 | I85: =TEXT(E85+G85,"0.00") -> 2.77 | J85: =E85&" ["&H85&", "&I85&"]" -> 0.846 [-1.08, 2.77]
A86: 46 | C86: pivot_shift_2 | D86: 29 | E86: 0.867 | F86: 2.0355809 | G86: =1.96*F86 -> 3.9897386 | H86: =TEXT(E86-G86,"#0.00") -> -3.12 | I86: =TEXT(E86+G86,"0.00") -> 4.86 | J86: =E86&" ["&H86&", "&I86&"]" -> 0.867 [-3.12, 4.86]
A87: 49 | B87: Laxdal et al., 2005 | C87: graft_failure | D87: 119 | E87: 1.169 | F87: 1.0514112 | G87: =1.96*F87 -> 2.060766 | H87: =TEXT(E87-G87,"#0.00") -> -0.89 | I87: =TEXT(E87+G87,"0.00") -> 3.23 | J87: =E87&" ["&H87&", "&I87&"]" -> 1.169 [-0.89, 3.23]
A88: 49 | C88: instrumented_laxity | D88: 118 | E88: 0.162 | F88: 0.195 | G88: =1.96*F88 -> 0.3822 | H88: =TEXT(E88-G88,"#0.00") -> -0.22 | I88: =TEXT(E88+G88,"0.00") -> 0.54 | J88: =E88&" ["&H88&", "&I88&"]" -> 0.162 [-0.22, 0.54]
A89: 49 | C89: lysholm | D89: 118 | E89: 0.132 | F89: 0.195 | G89: =1.96*F89 -> 0.3822 | H89: =TEXT(E89-G89,"#0.00") -> -0.25 | I89: =TEXT(E89+G89,"0.00") -> 0.51 | J89: =E89&" ["&H89&", "&I89&"]" -> 0.132 [-0.25, 0.51]
A90: 49 | C90: tegner | D90: 118 | E90: 1.165 | F90: 0.209 | G90: =1.96*F90 -> 0.40964 | H90: =TEXT(E90-G90,"#0.00") -> 0.76 | I90: =TEXT(E90+G90,"0.00") -> 1.57 | J90: =E90&" ["&H90&", "&I90&"]" -> 1.165 [0.76, 1.57]
A91: 52 | B91: Lidén et al., 2007 | C91: instrumented_laxity | D91: 62 | E91: 0.124 | F91: 0.254 | G91: =1.96*F91 -> 0.49784 | H91: =TEXT(E91-G91,"#0.00") -> -0.37 | I91: =TEXT(E91+G91,"0.00") -> 0.62 | J91: =E91&" ["&H91&", "&I91&"]" -> 0.124 [-0.37, 0.62]
A92: 52 | C92: lachman_1 | D92: 63 | E92: 0.76 | F92: 0.62434994 | G92: =1.96*F92 -> 1.2237259 | H92: =TEXT(E92-G92,"#0.00") -> -0.46 | I92: =TEXT(E92+G92,"0.00") -> 1.98 | J92: =E92&" ["&H92&", "&I92&"]" -> 0.76 [-0.46, 1.98]
A93: 52 | C93: lachman_2 | D93: 63 | E93: 0.621 | F93: 1.065121 | G93: =1.96*F93 -> 2.0876372 | H93: =TEXT(E93-G93,"#0.00") -> -1.47 | I93: =TEXT(E93+G93,"0.00") -> 2.71 | J93: =E93&" ["&H93&", "&I93&"]" -> 0.621 [-1.47, 2.71]
A94: 52 | C94: lysholm | D94: 62 | E94: 0.582 | F94: 0.26 | G94: =1.96*F94 -> 0.5096 | H94: =TEXT(E94-G94,"#0.00") -> 0.07 | I94: =TEXT(E94+G94,"0.00") -> 1.09 | J94: =E94&" ["&H94&", "&I94&"]" -> 0.582 [0.07, 1.09]
A95: 52 | C95: tegner | D95: 62 | E95: 0.587 | F95: 0.26 | G95: =1.96*F95 -> 0.5096 | H95: =TEXT(E95-G95,"#0.00") -> 0.08 | I95: =TEXT(E95+G95,"0.00") -> 1.10 | J95: =E95&" ["&H95&", "&I95&"]" -> 0.587 [0.08, 1.10]
A96: 54 | B96: Lucidi et al., 2025 | C96: graft_failure | D96: 40 | E96: 3.036 | F96: 0.74913582 | G96: =1.96*F96 -> 1.4683062 | H96: =TEXT(E96-G96,"#0.00") -> 1.57 | I96: =TEXT(E96+G96,"0.00") -> 4.50 | J96: =E96&" ["&H96&", "&I96&"]" -> 3.036 [1.57, 4.50]
A97: 54 | C97: ikdc_subjective | D97: 39 | E97: 0.25 | F97: 0.322 | G97: =1.96*F97 -> 0.63112 | H97: =TEXT(E97-G97,"#0.00") -> -0.38 | I97: =TEXT(E97+G97,"0.00") -> 0.88 | J97: =E97&" ["&H97&", "&I97&"]" -> 0.25 [-0.38, 0.88]
A98: 54 | C98: instrumented_laxity | D98: 39 | E98: 1.136 | F98: 0.347 | G98: =1.96*F98 -> 0.68012 | H98: =TEXT(E98-G98,"#0.00") -> 0.46 | I98: =TEXT(E98+G98,"0.00") -> 1.82 | J98: =E98&" ["&H98&", "&I98&"]" -> 1.136 [0.46, 1.82]
A99: 54 | C99: lysholm | D99: 39 | E99: 0.407 | F99: 0.324 | G99: =1.96*F99 -> 0.63504 | H99: =TEXT(E99-G99,"#0.00") -> -0.23 | I99: =TEXT(E99+G99,"0.00") -> 1.04 | J99: =E99&" ["&H99&", "&I99&"]" -> 0.407 [-0.23, 1.04]
A100: 54 | C100: pivot_shift_1 | D100: 40 | E100: 1.705 | F100: 0.68202017 | G100: =1.96*F100 -> 1.3367595 | H100: =TEXT(E100-G100,"#0.00") -> 0.37 | I100: =TEXT(E100+G100,"0.00") -> 3.04 | J100: =E100&" ["&H100&", "&I100&"]" -> 1.705 [0.37, 3.04]
...
